,CNPJ,IbovCorrelation,SELICCorrelation,flowCorrelation,avgTicketCorrelation,vol
0,00.068.305/0001-35,0.6892181467968359,0.9474071804584067,-0.0489278034052263,-0.8085443920383452,0.012879035788786119
1,00.071.477/0001-68,0.8987888019342498,0.6040937933674769,0.020055436179267888,-0.9684923076659,0.006601864715705401
2,00.180.995/0001-10,-0.07755470926150379,0.8079616049613035,0.12158805341836365,-0.04297327747884673,0.017705429337138093
3,00.756.851/0001-69,0.15735073084349446,0.9493456802977474,-0.027719351123489732,-0.3767199415286862,0.011254235054065724
4,00.785.365/0001-79,-0.8546482030217094,0.8656931421284857,0.026001122178966846,-0.9736189112855771,0.009756408722990459
5,00.793.947/0001-05,-0.8410576435814165,0.8865938087980391,-0.11028839252514011,-0.4164707324982095,0.008270361809172141
6,00.817.201/0001-86,-0.8564777789908145,0.9624855093550241,0.011025606384488454,-0.8829627648184957,0.009150122276319173
7,00.822.933/0001-64,,,,,0.016120422783989403
8,00.824.198/0001-28,-0.8995917611423151,0.9288056606148007,0.026506946698506673,-0.5207956330569407,0.013844572131054193
9,00.826.386/0001-95,-0.7627750992236447,,0.23308920002221675,0.6284680178612215,0.011366356337971627
10,00.826.901/0001-37,-0.8408309606381544,0.8356697828541687,-0.02880400968048037,-0.03728648979930353,0.013372235688253886
11,00.826.907/0001-04,-0.8870191270016781,,0.1443361813052513,0.7591730360335592,0.013756267786759984
12,00.826.911/0001-72,-0.8608354068856651,0.7510023934534106,0.01269996850514588,0.8063121074300291,0.008886675798537606
13,00.829.282/0001-34,-0.8045773505524065,0.7878770270518298,-0.06432563637723357,-0.15527780526887627,0.01126143226190263
14,00.829.288/0001-01,-0.8778555301602058,0.9037592450319022,-0.0631962784356018,0.8932853099154899,0.016283115687306317
15,00.829.292/0001-70,-0.7932049052726124,-0.725231352643536,-0.013802853673841256,-0.7913195134625343,0.015587229753517232
16,00.832.414/0001-87,-0.8719303051117668,0.9125832972157213,-0.014065113631819046,-0.8885083346741984,0.011400815382745328
17,00.832.424/0001-12,-0.8919971136002002,0.8581220306988608,0.04454707533730952,0.9841628397754436,0.009293567089032164
18,00.832.431/0001-14,-0.8666481444880719,0.9533396724440139,-0.02256482582990279,0.897355533546455,0.011752321883969586
19,00.832.443/0001-49,0.10199334235187826,0.9701483970565784,-0.011028004632437416,-0.433989287846962,0.016800445160858348
20,00.832.445/0001-38,-0.8819893422479212,0.7352079704261449,-0.1109442472615219,0.23330720504737004,0.00926488180025918
21,00.832.587/0001-03,-0.8677290945401694,0.7521099384213241,0.026008615749536168,0.5870113357419198,0.0192082855480655
22,00.834.072/0001-34,-0.8842865273320852,0.8923824886911378,0.03757149324206558,-0.26120634651023533,0.012603632558685313
23,00.834.074/0001-23,0.29944048281909735,-0.9270976971115583,-0.028351516632518683,0.23398608565628498,0.0028700172893109145
24,00.838.266/0001-08,-0.9066611603642035,-0.3271863195335914,0.02031815749402161,0.5563089078981968,0.014270293451520581
25,00.979.181/0001-40,-0.8393211975379821,,0.08735162693869648,-0.5792232915283761,0.007111379062377044
26,00.982.697/0001-43,,,,,0.01548009430862093
27,01.129.004/0001-37,-0.8396605256921561,-0.694455344743356,0.0985431665968153,-0.687378595014178,0.016427152859050418
28,01.165.781/0001-37,-0.8742293469288666,0.7602462380290925,0.14136597064319886,0.5980204329399068,0.014217930132055167
29,01.165.792/0001-17,0.3331326030041415,,0.02546190372709703,-0.281558041754585,0.01560195374370866
30,01.165.796/0001-03,-0.7784852094317404,0.5535276737312685,0.0547752853310463,0.8136722082247444,0.013180433634916106
31,01.197.545/0001-00,-0.8425674988701376,0.8890783073300748,-0.06152088854085634,-0.9875891187305788,0.013584867846286505
32,01.271.827/0001-00,-0.8725729467539894,0.16498909829302438,-0.0767553540876216,0.5951321057219057,0.016853762473019944
33,01.340.605/0001-94,,,,,0.015063370490016601
34,01.361.072/0001-27,-0.8811259932863793,,0.030069627826735175,0.7561485394081073,0.012498907301595178
35,01.361.073/0001-71,-0.8549086196204027,0.9829606840011228,0.08881969150009011,0.29058816987168506,0.016785766528589735
36,01.433.414/0001-77,-0.8763279246844715,0.817072985252831,-0.08040121413645604,-0.6260445982193055,0.012782618421411117
37,01.498.756/0001-75,,,,,0.019860411182808662
38,01.553.455/0001-05,,,,,0.016666275628122885
39,01.587.403/0001-41,0.8141600642833637,-0.8916385979085097,-0.015900223390244772,-0.5582619768708248,0.01701387941554739
40,01.606.545/0001-09,-0.8777170792005248,0.8232886430446505,0.17235855057833127,-0.06054707476696163,0.015937328751244862
41,01.606.546/0001-53,-0.857127328610902,0.9256719493088662,0.07688585439778563,-0.7679184596674131,0.010744109759992505
42,01.616.137/0001-38,,,,,0.015870960807955133
43,01.624.178/0001-76,-0.6863786958600359,,0.06681900556987695,-0.8748100288752727,0.016587040559564416
44,01.671.480/0001-85,,,,,0.08172683404073831
45,01.960.341/0001-71,-0.8558715189769739,0.883956951374488,-0.02416471781041798,-0.9622189261943982,0.009379769912013959
46,01.972.291/0001-42,-0.6683694079385857,,-0.05889889394354446,0.9370271730593728,0.012388253491639065
47,01.972.663/0001-30,-0.8487254736049489,0.8315450553968431,-0.18807997827288062,-0.9188307779603491,0.014846309933837452
48,01.996.007/0001-78,0.7303600983997685,0.9025989070161254,-0.7805646052633899,-0.6590229022865094,0.014111485118250817
49,02.198.411/0001-69,,,,,0.017666378580295287
50,02.201.163/0001-68,-0.9105887314041108,0.029988389821712595,0.27299115500184123,0.5638195676257424,0.015761930710351094
51,02.201.164/0001-02,0.8606560967518205,-0.8875507707791309,-0.0897792706601958,0.487745406239643,0.034133495977012804
52,02.290.048/0001-07,-0.8504230293531669,0.8284639944546305,-0.04790545154195527,-0.9418274219838751,0.008505379988876459
53,02.290.280/0001-45,,,,,0.015535605285798853
54,02.290.304/0001-66,,,,,0.013817799638531622
55,02.294.026/0001-15,,,,,0.016718069891709285
56,02.297.087/0001-36,0.8189117912210168,-0.9316948107461287,-0.03722459554753937,0.9661796361750982,0.05808771669407236
57,02.323.746/0001-61,-0.8538549769074646,0.9682791809740581,0.07284618468012455,-0.29427683373432506,0.012574169721707988
58,02.506.721/0001-01,0.04947149916954386,0.499785358538897,-0.005009735907527769,-0.2879699729899544,0.015633472571807406
59,02.561.139/0001-30,,,,,0.011992986456887745
60,02.567.996/0001-47,-0.8636179515282729,0.7643328297597932,0.04058917477231918,-0.001234662794086158,0.01590190146767561
61,02.567.997/0001-91,-0.8616064434358962,0.917015905222763,0.10501959065479541,-0.8769334021168645,0.015077552054988941
62,02.668.766/0001-74,,,,,0.015979468269724965
63,02.781.197/0001-79,-0.8187690041523319,,0.024550082916284955,0.34552518701283363,0.017604569031038755
64,02.850.991/0001-27,-0.8260666030663564,,-0.08266800508511161,0.613182246729087,0.015468314764200573
65,02.887.434/0001-80,-0.9011122681133197,0.8980359887026905,0.38617690330245213,0.9821355928442179,0.01548948835475682
66,02.887.456/0001-40,-0.8889500260152765,0.8656536338683974,0.0761067268327309,0.9210033653215554,0.008049424062624887
67,02.887.948/0001-36,-0.910784205961245,0.8785485877812271,0.6568480928586837,0.9541994313899254,0.014273779457260712
68,02.911.408/0001-40,,,,,0.012695401571324037
69,02.911.564/0001-01,,,,,0.015136310705476707
70,02.918.931/0001-07,,,,,0.0342248768629275
71,02.924.262/0001-78,,,,,0.01677167640098709
72,02.935.723/0001-08,-0.8767804664838221,,0.09534838139208147,-0.9503997059884693,0.05911809070450965
73,02.935.788/0001-53,-0.8817654784209094,,0.1333835578218512,-0.9699585160895746,0.03266083506829477
74,02.935.821/0001-45,-0.840248752466674,,0.09935416917276076,-0.8927566034749779,0.03407081026705202
75,02.939.538/0001-91,-0.8601247314829781,0.9198150899324244,-0.007244625875478477,0.9774490004127616,0.011025491855016997
76,02.998.253/0001-21,,,,,0.016932884937980355
77,02.998.773/0001-34,-0.8258973986641686,-0.6974523759869882,0.037000291595554125,-0.5742584184901559,0.016785065897546383
78,03.029.216/0001-78,0.8920043417506971,0.23250555876081724,0.022435438272084832,0.30930449646456337,0.01603511364313742
79,03.164.294/0001-85,-0.8588329976545798,0.7096436069303195,0.1422907782333804,0.37829379740300245,0.01552494393752217
80,03.182.559/0001-78,-0.8488284311167138,0.8905033057226186,0.034908960281045134,-0.9715461733444917,0.009786927349578945
81,03.184.103/0001-47,-0.8644318244569804,0.890886139361194,0.0405364764500026,0.9742353722930328,0.011265548560556938
82,03.184.134/0001-06,-0.8607730499232678,0.9054390407259634,-0.03922394181085727,0.7850269329204766,0.009931331297142916
83,03.185.710/0001-21,0.2031426140491889,,-0.001842179626220067,0.3555646757063554,0.014003635463986006
84,03.187.084/0001-02,0.13875839049520203,-0.42842787072336425,0.003125805684301073,0.21802982153188755,0.00904591376902451
85,03.191.874/0001-61,0.8385580914144181,0.3271863195335914,-0.10125877964748864,0.5521604073845763,0.034202712033319004
86,03.218.183/0001-04,0.8616793044007803,-0.752002893873894,0.0828208385701134,-0.6185143055088768,0.029266094687996413
87,03.243.641/0001-65,,,,,0.016806085969586253
88,03.256.797/0001-80,,,,,0.018378694038971556
89,03.308.718/0001-38,0.8877480162567103,0.6944252439837039,-0.006318948704652298,-0.903926310377742,0.00824721558827865
90,03.336.760/0001-62,-0.884368818449958,0.8315450553968431,0.05150931338475751,0.8700140118135292,0.016252411024125484
91,03.336.931/0001-53,-0.8399047943952738,0.7310982719497228,0.023674357699777354,-0.808485048287976,0.014207073759711674
92,03.366.545/0001-04,,,,,0.018103787315373036
93,03.438.278/0001-33,,,,,0.018880303503935724
94,03.504.010/0001-52,-0.8122060771580949,0.9595277472656051,0.05441152921787061,0.2879596249709887,0.015517812970736991
95,03.515.596/0001-50,-0.8985650735302445,-0.48965246190721695,0.4355555572705634,0.8506917524166719,0.014106911615974889
96,03.543.447/0001-03,0.7615865620224046,-0.9750131618400167,-0.042859874206251994,-0.37628759622795427,0.03604520428517689
97,03.547.677/0001-32,-0.8642036741157195,,0.06730319009238471,-0.923671321030207,0.01148245919516352
98,03.557.198/0001-05,-0.790508220916862,0.3557927466979,-0.10094029214029579,0.5764761803672203,0.016413999420470178
99,03.564.809/0001-34,-0.790481226688948,0.23290278320144164,0.1553953320598017,0.7895985972912477,0.014575892380259987
100,03.573.793/0001-26,-0.0728223522360011,,-0.09774883581768463,-0.14917952087940467,0.016602362245773092
101,03.593.150/0001-44,0.5114069602104144,-0.9947556845437558,-0.08082579213615068,-0.6680754105864981,0.01849305829509955
102,03.618.607/0001-28,-0.9022848110871651,0.9151905398909319,0.4191902472395781,0.990285598645986,0.014681257363899504
103,03.652.358/0001-97,-0.865537371618815,0.7573237400148093,0.10880611861133814,0.1816878196955379,0.013357072301766236
104,03.697.262/0001-45,,,,,0.014586888943370192
105,03.721.554/0001-76,-0.8794948575516939,,0.08679783230817051,-0.8386725686255682,0.015737153641454338
106,03.737.190/0001-12,0.37528277612343686,-0.7446388641278646,-0.16472578964174256,-0.4645496154751748,0.016334147702395798
107,03.737.208/0001-86,0.42626159935549474,-0.43412907721563754,0.019163493057292886,0.15498646374431949,0.007997056188205556
108,03.737.211/0001-08,-0.8711738602565119,-0.973943123796814,0.26284734009807753,0.23846786820385948,0.015234604881057824
109,03.737.222/0001-80,,,,,0.016018452000116954
110,03.737.224/0001-79,,,,,0.018860372727564342
111,03.772.955/0001-55,-0.8374925169119383,0.6107750843984663,0.026930138215240842,0.8077813633821248,0.014572467399221562
112,03.902.512/0001-31,,,,,0.018776088518872983
113,03.926.431/0001-71,,,,,0.0131816920407135
114,03.958.330/0001-82,,,,,0.014868618240885548
115,04.061.079/0001-11,0.6753174024885246,-0.5522810319868269,-0.09166644874593292,0.07487549524168523,0.017047623405360087
116,04.061.224/0001-64,0.7353672720127931,-0.8473635482994694,-0.8158588559721233,0.852432192500628,0.015548680117697864
117,04.061.359/0001-20,-0.8720090076468121,0.9087468463654697,0.15968612304332205,0.8795539025745086,0.01478769485824515
118,04.061.548/0001-00,-0.8713669250124031,0.9025485377726952,0.04450880086265171,0.9487904260594392,0.014679924085522928
119,04.089.406/0001-43,,,,,0.016917977828781246
120,04.103.102/0001-93,,,,,0.012376070315809878
121,04.118.652/0001-86,,,,,0.01895776676773718
122,04.118.883/0001-90,,,,,0.019004324202662466
123,04.128.562/0001-76,-0.9083869172527432,0.9455794333211465,0.437160733210005,0.984589229381826,0.01579514620351703
124,04.128.704/0001-03,0.8525625949681512,-0.8645228759199308,-0.1520210853637475,0.7939387900456866,0.03509468636170903
125,04.148.140/0001-62,-0.9060160030464036,0.9038853412735461,0.5306158016989223,0.9926949305733684,0.015399627400826723
126,04.172.301/0001-53,,,,,0.010611158196493841
127,04.178.681/0001-33,0.45554325770954374,0.49978535853889705,-0.09392299244325822,0.2889789913355548,0.015904123409068015
128,04.215.425/0001-79,-0.7652853532428113,0.8765720335120079,0.042974436349496645,-0.9404098612178733,0.05597619976934951
129,04.220.338/0001-00,0.59977384545655,-0.6406311644558185,-0.028353718238242172,-0.8746690313515234,0.014085688909949833
130,04.222.376/0001-00,-0.884551928947923,0.6705324215112473,-0.02480477314605627,-0.816734158151505,0.014024024130080881
131,04.222.383/0001-01,-0.7724510867287002,,-0.05380435966910164,0.9254518340162322,0.015059250000478362
132,04.222.433/0001-42,-0.8467129828162421,0.6552201765003178,0.1465682865152837,-0.3360704448381953,0.014292003785380803
133,04.237.569/0001-26,-0.8405384979244293,0.909274729795541,-0.0438200641407917,-0.9361460764612383,0.009460753409539247
134,04.237.578/0001-17,-0.7500039390787894,0.9146250873214875,-0.12179483795501708,-0.44152142774696435,0.009526281065045649
135,04.237.583/0001-20,-0.8187011265632517,-0.06308897452414224,0.21321751786953466,-0.7935024219971052,0.013886660002187872
136,04.244.137/0001-42,-0.8562274208942422,,-0.04925533753673021,0.6427055759970258,0.015420649048765975
137,04.253.202/0001-04,,,,,0.020232731843121653
138,04.272.487/0001-12,-0.5228692937306543,,-0.0517455426266355,0.012780749357094556,0.015245636468717284
139,04.288.944/0001-67,-0.8419295523713031,,-0.04169452822001833,-0.6563845764952944,0.0156837601137282
140,04.299.610/0001-99,-0.8794428452972848,0.2883043021127773,-0.033175162432378766,0.8846607257714959,0.0156279533712303
141,04.389.256/0001-93,,,,,0.017099787646855078
142,04.406.281/0001-38,,,,,0.012352972268187965
143,04.528.776/0001-30,-0.9031465937163262,0.8970111888239751,0.14027846311100464,-0.8378103505866564,0.014081454703787912
144,04.568.060/0001-66,-0.8880928931999948,0.9420877512531693,-0.024564482860777483,-0.9948776912317877,0.014656775112404555
145,04.684.515/0001-09,,,,,0.0120864983707401
146,04.685.333/0001-52,,,,,0.017733803661011457
147,04.699.653/0001-61,-0.8698042330600481,0.8454332679284197,-0.021399622279089123,0.9755192467078088,0.009051113229964687
148,04.701.133/0001-46,0.8734681575532351,-0.9175607824241246,0.02543655457255417,-0.18006845127945362,0.008997208707713903
149,04.701.235/0001-61,,,,,0.012539808839095907
150,04.703.087/0001-14,-0.8437980026915749,,0.009547601622618107,0.912068207125557,0.010737413547180984
151,04.703.103/0001-79,0.33856743198941064,,-0.006604895260984304,0.540586923629351,0.016348378160882946
152,04.830.277/0001-00,,,,,0.011984943607028559
153,04.831.907/0001-53,-0.8588684123160862,0.9000472450943499,0.0047825322116466775,-0.2594165444048334,0.015584776206824127
154,04.841.814/0001-00,,,,,0.018264867801695214
155,04.857.834/0001-79,0.726740494334018,0.7310982719497228,0.03326514629570112,-0.812009017426219,0.01602290082852878
156,05.024.775/0001-10,,,,,0.013441898030157615
157,05.025.900/0001-07,-0.7878801102783167,,0.005443254168734499,-0.7077576688280748,0.013864001224523068
158,05.044.718/0001-01,-0.8512601537011368,0.9288056606148007,0.010358791437787085,0.10076071459087671,0.008729011193289704
159,05.073.650/0001-80,0.7728045356897013,-0.9087491125432926,-0.12827440152302122,-0.4258047713307801,0.015539229040618925
160,05.073.656/0001-58,0.7715421030723217,,0.047307348092816545,0.8573552413613754,0.06741668248379236
161,05.073.662/0001-05,-0.8513067690605569,,-0.056065763217012676,-0.9026119753598656,0.06445295421226256
162,05.080.623/0001-35,-0.832819240088443,0.9713388260458263,-0.09342183880321078,0.9795617536805477,0.009623253922249532
163,05.084.425/0001-40,0.0031963558745086123,,-0.048839258047180596,-0.12549417051566886,0.014475069011152477
164,05.084.445/0001-10,0.6022070651558302,0.5564960756328102,-0.024071957625864338,0.7467349767490348,0.017748214506208948
165,05.086.234/0001-17,-0.862470264802157,-0.8346897936836087,0.02453852566092399,-0.7369493653242442,0.008925114110127625
166,05.091.439/0001-90,,,,,0.016340499130647956
167,05.102.500/0001-58,0.8878897857622956,0.6631405626083023,0.0712481825585253,-0.968926929085163,0.009681814582115126
168,05.112.439/0001-20,,,,,0.012061605127846247
169,05.114.716/0001-33,0.8435129391172644,-0.9926916856469189,-0.07935110987614256,-0.9050145206387585,0.01114533744380111
170,05.132.901/0001-50,,,,,0.016337849523666317
171,05.222.448/0001-73,,,,,0.01681119464636436
172,05.222.510/0001-27,-0.802913383937796,0.9058577346559152,0.028034575923340292,-0.9745612543101054,0.012108796769432209
173,05.222.533/0001-31,-0.8593860416092611,0.920180908944875,0.09355542308623048,-0.6027718859326046,0.01861062601700497
174,05.222.538/0001-64,-0.9013949143245581,0.8210238588477708,0.2965296744991995,0.8018566533078729,0.014881688137209088
175,05.222.545/0001-66,-0.8758061846160716,0.8441257862652263,0.2646456742910626,0.876771239961914,0.01594399001833649
176,05.575.465/0001-94,-0.9093669369407846,-0.34635871723342376,0.6874499351332084,0.9403807494923431,0.01499071736619481
177,05.592.103/0001-01,,,,,0.02069653884828632
178,05.629.893/0001-52,0.7501969916368394,-0.3480455615634711,-0.01025015805007217,0.45369896065794846,0.01464011335470104
179,05.629.940/0001-68,0.6960436960083889,,0.1158335600661761,0.3755645025158069,0.008133438282717313
180,05.744.901/0001-01,,,,,0.013735008812882109
181,05.786.938/0001-00,0.9059642510348792,0.5279076303849266,-0.08261472135735093,-0.9853261850043069,0.01608569012359442
182,05.902.468/0001-95,-0.5125733958309013,-0.7310982719497228,0.037851211103600436,-0.6707046706626099,0.016014957029027013
183,05.902.490/0001-35,-0.832141464878123,0.6705324215112473,-0.06034385574391755,0.7665626274696518,0.011813454625730916
184,05.902.493/0001-79,-0.9003404678306021,0.499785358538897,0.04941060128669428,0.6146430152213473,0.013754784149353551
185,05.902.521/0001-58,0.3323152834307979,0.39841888964446737,0.04436905432033118,0.34786091531876107,0.016426520006068594
186,05.903.160/0001-64,-0.7684164204182428,0.3271863195335914,0.11990900636753529,-0.34655289714771986,0.013068568852186787
187,05.910.030/0001-59,0.3868301792817901,,0.07880060260198508,0.562093819932386,0.0133614894806018
188,05.943.661/0001-74,0.7834644176785894,-0.7082692296508722,-0.10719522519934438,0.5552165984532872,0.014104489344562364
189,05.983.558/0001-58,-0.8635637891884027,0.8539256366625259,0.10211856084597473,-0.9104049964685167,0.015062201803149567
190,05.983.569/0001-38,-0.8771308060261376,0.9179276236119482,0.1556921216871126,-0.337393682683958,0.013875262201506368
191,05.983.641/0001-27,-0.8859654843362117,0.8106729135018802,0.04846183509894455,-0.9632082086617528,0.012419429421437821
192,05.983.660/0001-53,-0.8205830156588906,0.047288532718504944,0.057743747120760754,-0.8016417785689092,0.011915361209478047
193,06.081.457/0001-54,,,,,0.018383286962966892
194,06.124.241/0001-29,0.8403168094992062,0.5867943553829745,0.024887541628259357,-0.9208092109564645,0.016486581619670797
195,06.124.253/0001-53,-0.7537312336752338,0.7728640933396995,0.02272972052281467,0.0042124044385623335,0.01451235188118368
196,06.175.696/0001-73,0.8848100409316899,-0.9098053050431373,-0.016269240007965067,0.3155012351774362,0.016539089221513533
197,06.185.741/0001-70,,,,,0.016953808253690965
198,06.190.263/0001-97,-0.8439486935226359,0.9005653246367613,-0.043636711895131616,-0.2467748642596843,0.010869053340954322
199,06.235.449/0001-15,-0.7187698060107294,,0.03728724585324246,-0.008179167145916483,0.01673909637122426
200,06.877.848/0001-80,-0.856000631181832,,0.11007370973605504,0.8805213819700002,0.014102819977297617
201,06.964.949/0001-98,-0.6047093927384887,0.30849284934072063,-0.024153394001184172,-0.8216762457820427,0.01607755692850963
202,06.969.451/0001-18,-0.3199061824170472,0.8697501463911238,-0.0699809314365076,0.16214182782999606,0.01751927362513998
203,07.096.907/0001-45,,,,,0.016818417024685516
204,07.104.761/0001-32,0.8688189683299046,-0.8767278018956061,-0.1422008989117239,0.8988872164801706,0.034177190684730005
205,07.104.783/0001-00,-0.8421853887423904,0.9020411204653312,-0.3832550324262611,0.9786343398242338,0.011983922128756447
206,07.104.788/0001-25,-0.8444117867520237,0.9162712053796032,-0.4649361869750711,0.9926273809469184,0.01178542880225038
207,07.187.570/0001-81,-0.5015105235742182,-0.8581220306988608,-0.0007954299701359485,-0.2640049244419007,0.014175326125241987
208,07.190.731/0001-96,-0.8067214887163744,,-0.02484056435069086,-0.6169821767106913,0.017415677086757116
209,07.192.395/0001-10,-0.15069255475302323,0.34766143247005726,0.05329201701621713,0.04348744827239936,0.015998075291112933
210,07.277.931/0001-80,0.8822693281894048,-0.9816143486572456,-0.10193593303121216,-0.9265883693240881,0.01578802289809365
211,07.287.126/0001-38,0.3851844093493336,0.6805453096449665,0.030276866023968677,-0.10856055272104702,0.01609238841985496
212,07.351.138/0001-84,0.8578331253979656,0.9453875332190299,0.17744072165878094,-0.9915093009243021,0.014343719391695058
213,07.364.099/0001-50,0.8636755765354739,-0.9700941426678249,-0.09479323246401807,0.8191396995215251,0.0280818673673831
214,07.371.945/0001-69,-0.6489964600378971,0.20564912812000352,0.018110455797870982,-0.614847373655932,0.011318021899130412
215,07.400.556/0001-14,0.8668201111401044,-0.9515103333270688,-0.06551299474364711,-0.6147513695484862,0.07673082095273001
216,07.495.851/0001-00,,,,,0.018197190830233644
217,07.541.281/0001-39,-0.06955030008839234,,0.3726401492844927,0.035974024456926754,0.01630230892710648
218,07.657.408/0001-80,-0.8801724730384014,0.9380433776175496,-0.03373912566361587,0.9819122547776685,0.012635162706112767
219,07.657.626/0001-14,-0.8611635260133917,0.910531533058188,-0.08136715401795547,0.9400816802227296,0.014509873487705473
220,07.658.381/0001-40,-0.883583389210064,0.9715037454183191,0.05957962652190951,0.4619714551923501,0.014931631359323492
221,07.667.259/0001-30,-0.6599320722723494,0.9139360701876295,-0.05882816655357819,-0.8642780113976134,0.010881323060851617
222,07.667.369/0001-00,0.019297493218406618,,-0.09112965569763647,-0.38066586273104547,0.014055538265655894
223,07.725.529/0001-11,,,,,0.018380823487778385
224,07.836.161/0001-69,,,,,0.014357940006375355
225,07.861.571/0001-60,-0.8965301031029412,0.6090472058357431,0.2318242924279481,0.9125147319109442,0.014797942712693187
226,07.986.172/0001-25,-0.8068574065590998,0.8674138207484666,-0.009020640703029204,-0.855293373208417,0.015047580783255032
227,07.986.178/0001-00,-0.6929012940518514,-0.7554512741731653,0.08776781586697864,0.1721971108291544,0.015656988489202404
228,08.001.060/0001-30,-0.6901982217849985,,0.026208622687489615,-0.08456867946311956,0.00889137657261994
229,08.009.278/0001-31,,,,,0.015596658879258695
230,08.009.286/0001-88,-0.7653274136713835,,0.1323246254313085,0.9182140124197664,0.01378853356875159
231,08.009.410/0001-05,,,,,0.015474665961127662
232,08.070.814/0001-04,-0.013329826491612747,-0.7310982719497228,-0.08730684556056173,-0.045110830304151965,0.012358062239803286
233,08.070.846/0001-00,,,,,0.01971325578791952
234,08.078.462/0001-33,-0.867065177943461,0.8902753917440793,-0.03474337402790131,0.8338652629470551,0.013116614908185014
235,08.080.680/0001-02,0.896687048404523,-0.8687096113592707,0.3113919263638689,0.43057544642178563,0.0342274080754498
236,08.215.807/0001-53,0.5180974022007254,,-0.03756264699931806,0.0411265200691468,0.015397556071544803
237,08.244.542/0001-11,0.7064048904041235,0.54281413338405,-0.008627392437089817,0.0345805112039046,0.01389915738847325
238,08.244.688/0001-67,-0.875450412708004,,0.031050410342017266,0.911797783241116,0.01391723347949245
239,08.246.287/0001-46,-0.2987342275881033,-0.499785358538897,0.012315774480468928,3.627924157586948e-05,0.0162598111053014
240,08.246.301/0001-01,-0.8589585757729709,0.8656536338683974,-0.008721316475149569,-0.580173132909425,0.01165656081407482
241,08.246.318/0001-69,0.6596851038471748,,0.10871832405480034,0.2971089945388378,0.037345215936156716
242,08.258.431/0001-64,-0.8734712618972237,-0.9522751667815587,0.30424445226434016,0.6920831479593255,0.01718722043994733
243,08.418.197/0001-95,,,,,0.014083597382091277
244,08.432.295/0001-87,,,,,0.06462983191219725
245,08.543.313/0001-06,-0.9000708263178974,0.9039244624787058,0.1641611916208814,0.8896722001947694,0.017505491329595738
246,08.543.326/0001-77,,,,,0.019219640946936182
247,08.669.394/0001-87,0.7962726855776899,-0.9628355633956912,0.048526183743877765,-0.8628295025753417,0.016297293599363192
248,08.674.732/0001-79,0.09977687053671155,-0.6789536946188789,0.024235636256579225,-0.1691438437262695,0.01773094977753017
249,08.699.519/0001-11,-0.8226721297589846,0.9198390677256469,-0.18809731051508655,-0.7588168983169118,0.011062643570796424
250,08.702.613/0001-82,-0.8695892458842015,0.9739752404949394,0.005709419088587233,-0.18694387499421938,0.013907856375312356
251,08.702.798/0001-25,0.8519370459588251,-0.499785358538897,0.014393605586498107,0.32167251282947995,0.06152676631805455
252,08.702.956/0001-47,-0.8825070645359766,0.3819832952588615,-0.07540910233506608,0.6138435370200137,0.01373651371991843
253,08.708.348/0001-40,-0.8575584780714084,,0.11283411249006738,-0.9613956096077284,0.015534710339278607
254,08.768.381/0001-65,0.8294019132948944,-0.8770729891551269,-0.01757800682269902,-0.3057721937605067,0.016029812618320823
255,08.920.991/0001-32,0.46738990376158795,,-0.0738808794458177,-0.608827525832197,0.016787890107355326
256,08.927.292/0001-14,-0.8871776856918134,0.8878251804979662,0.05477013076202865,-0.7568313640667447,0.012917465537563025
257,08.927.305/0001-55,-0.8694717162175084,0.6705324215112473,0.010252050110672742,0.14076936178906121,0.013676824068562432
258,08.927.310/0001-68,-0.8839592958688035,0.9603600875919855,0.08630755468164492,0.8505864254304362,0.013485809702914835
259,08.960.557/0001-86,-0.8958066489381307,-0.5630980167238184,0.027214333525073797,0.16371942461366792,0.013707265792966454
260,08.960.570/0001-35,-0.7809353772717122,-0.8793918939018199,0.05697124000548252,0.8032289998291389,0.014974720922054372
261,08.980.715/0001-60,0.9073135327924986,-0.9084343404077211,0.001001470036087158,-0.9408162024069706,0.05946697887024229
262,09.021.845/0001-38,0.6381998853182714,,-0.035206679173290734,-0.7442733326933787,0.0167893700452851
263,09.087.550/0001-64,,,,,0.018188626999704055
264,09.093.749/0001-03,0.8628792799707083,-0.8986229728452583,0.08006507913385577,-0.47175063014347957,0.03416020456188507
265,09.093.757/0001-41,-0.8058581559892579,0.6453370683904895,-0.011114003752924163,0.8692091047444314,0.01630082515032724
266,09.093.819/0001-15,-0.38069570634214694,0.881309948534374,-0.012127434603267869,-0.5585872236035317,0.035933125352038256
267,09.093.844/0001-07,-0.8362386793505353,,0.23979281390775997,0.39860700815391376,0.016332455910263836
268,09.093.883/0001-04,-0.8579778223329103,0.7988249170415624,-0.018465671171016246,0.7806577983383693,0.016323565969792085
269,09.093.967/0001-30,-0.006292584904567521,,0.01505662727526155,-0.7330633341582918,0.016586048446329986
270,09.125.134/0001-03,-0.8775098107656397,,0.0035425246724558085,0.8495091697799043,0.01747115385744026
271,09.145.225/0001-00,-0.9187689471791018,0.750320872091377,0.13502004774488913,0.9365748078255476,0.013309843306728983
272,09.145.291/0001-80,,,,,0.009062560972248295
273,09.166.056/0001-95,,,,,0.015316262496018111
274,09.181.340/0001-30,,,,,0.016611414308302274
275,09.216.026/0001-46,0.9107207360794478,,-0.133905264008777,-0.754784930548086,0.030799220949477558
276,09.273.559/0001-60,-0.3536782691061502,,0.03242027108687503,-0.8458103147114753,0.015573987131528945
277,09.298.405/0001-22,-0.8615383356834232,0.9567255661648517,0.10812925222051056,-0.8215418943976552,0.016324309089701828
278,09.321.515/0001-68,,,,,0.015361399981578715
279,09.344.799/0001-08,0.8082151616963924,0.23035928924569113,-0.010750675250722498,-0.9525896579505289,0.03565208191978136
280,09.399.784/0001-47,-0.774369530810618,,-0.010262483493434262,-0.5653228034726689,0.03588601510375923
281,09.463.987/0001-55,0.7637144845759151,0.9812266382693932,0.028678316224948402,0.7552473798807781,0.06215230291630379
282,09.488.688/0001-75,-0.6609756874669903,-0.8702491422472715,-0.07419281392317928,-0.6454531987249003,0.016070875929297273
283,09.548.719/0001-36,,,,,0.016816646751975327
284,09.548.729/0001-71,0.8210060307406825,-0.5008726451976486,-0.2514102653131,-0.39738600142448643,0.03223920684314836
285,09.555.409/0001-49,,,,,0.018635292178542335
286,09.564.069/0001-12,0.5653774230713011,0.3271863195335914,-0.03427846739130359,0.07174937335869992,0.016299591717377097
287,09.564.242/0001-82,0.8816388035976137,-0.7459684436020261,0.18711307494160176,0.10930191184536935,0.060709964522954504
288,09.581.694/0001-72,,,,,0.01678073114419152
289,09.591.381/0001-03,-0.06003273066972011,0.7725885448289167,0.0926935894879248,0.6556487780334709,0.016204665057084865
290,09.636.619/0001-61,0.733194557916501,-0.2013593559063973,0.05942366795741011,0.17214912727662157,0.016093686013805175
291,09.636.818/0001-70,-0.6138872719084467,0.16566417251928917,0.008441775795749977,0.0824411289038495,0.015826119960469065
292,09.639.909/0001-69,-0.8141173919390345,0.499785358538897,0.018029791090638087,-0.05893706948921296,0.015330596070526739
293,10.304.401/0001-99,0.6539309543998558,0.9560424819405074,-0.6542126301017883,0.5229683291269642,0.014975004818415577
294,10.320.215/0001-43,,,,,0.018714913127459123
295,10.361.942/0001-59,,,,,0.016424972627228304
296,10.376.133/0001-10,,,,,0.012348987920965823
297,10.388.050/0001-41,-0.5328289298359451,-0.7773799118075436,0.058870995156569086,-0.3266865106226095,0.01606247194972543
298,10.388.069/0001-98,-0.8516414098227633,0.9205258817183642,-0.35742549442938354,0.9925028117451501,0.012535131362409328
299,10.396.367/0001-20,0.8144618285214248,-0.2845864850743707,-0.08831411170296316,-0.3637041604835965,0.03214483897358215
300,10.396.381/0001-23,-0.8874781968754542,0.8566910183189521,0.019319142989221084,-0.887971998859074,0.03633604230948236
301,10.397.571/0001-65,-0.8518397871572331,0.9162268264203295,-0.07148826838511033,-0.8118774176458884,0.011209817014500214
302,10.397.614/0001-02,-0.8597959174238374,0.8661694575957339,-0.08571286013816058,0.5375625246374947,0.012351186739897279
303,10.397.617/0001-46,-0.8597559918993357,0.909273803592934,-0.13691971662304914,0.836333667948271,0.01294185795868935
304,10.397.618/0001-90,-0.8410637328808603,0.8954554278410962,-0.07471491021713597,-0.9881862978343632,0.011372143609566497
305,10.474.352/0001-32,-0.8554566895762448,0.8963808475960828,-0.09126795782169046,-0.7751253604554066,0.013143555014788151
306,10.474.356/0001-10,-0.8401797119304155,0.9622608291064401,0.04291551272430758,0.918729302949729,0.014307116453683157
307,10.474.513/0001-98,0.8097937603662304,,-0.10031550680890165,0.4399686615866719,0.06111801524853249
308,10.474.514/0001-32,-0.831453527231497,-0.8856509932172816,0.6633823296871106,0.837548417284828,0.015700710355326997
309,10.474.810/0001-33,-0.9102300496960255,0.8880633706172414,0.6245252693721511,0.9810923403016321,0.0161222642682695
310,10.474.847/0001-61,-0.8951159479869374,0.8333548889745522,-0.1393106625179095,0.6637970401754555,0.013495016098120403
311,10.475.107/0001-40,-0.8510237258736434,0.9160548379792235,-0.11304733135046553,0.7365691321481724,0.012502124410531697
312,10.475.116/0001-30,,,,,0.019534568064382977
313,10.475.191/0001-00,,,,,0.07704374601359129
314,10.475.505/0001-66,,,,,0.0629460944236743
315,10.551.370/0001-70,0.8003900306787479,0.6972828455454673,-0.047358682960788344,-0.20634640453434874,0.0133212398703169
316,10.577.485/0001-34,0.813002655086472,-0.9781167943406667,0.09393280267971067,-0.9782682590914348,0.012982109494167214
317,10.577.505/0001-77,-0.8783581897603738,-0.8045195136287702,0.010057745849225445,0.8365379726039237,0.014293654707893903
318,10.577.509/0001-55,-0.8549071935131253,-0.7341515940370448,0.15636432417247814,0.9489262083030143,0.015433503126854832
319,10.577.516/0001-57,0.8457875991239778,-0.9603359244976748,-0.17499419139067926,0.6137380788290101,0.05909063233133848
320,10.583.943/0001-48,,,,,0.01923945343456955
321,10.586.905/0001-49,-0.3213161067796274,,0.016923172893146623,-0.08001265988133731,0.026182405676929633
322,10.586.932/0001-11,,,,,0.019507576489283255
323,10.590.141/0001-65,0.7167262676317387,,-0.042559235887534595,0.584400765962152,0.036107080060043525
324,10.601.343/0001-65,0.7815451772919098,-0.3271863195335914,0.011028064874494441,0.9105573366771976,0.016234088672158684
325,10.646.885/0001-54,-0.9092355990838499,-0.9219035435182962,0.3131948813655304,-0.8725669502741854,0.016097830153052318
326,10.646.888/0001-98,-0.9042701087765661,0.8035673593229451,0.12211151377920497,0.48760277962442855,0.015523050766817459
327,10.646.895/0001-90,0.8385526336894427,-0.9420877512531693,-0.19382418395244413,0.9749187187816275,0.06075210405294436
328,10.686.433/0001-04,-0.7435059550655807,,0.04206948835667194,-0.4026131629221278,0.01682604082260275
329,10.686.438/0001-29,,,,,0.016573908923948923
330,10.731.794/0001-17,0.2788431363261879,-0.9411236768342371,-0.17408530980519876,-0.44123293913398076,0.015917921886005635
331,10.740.446/0001-06,,,,,0.02084919211257926
332,10.740.492/0001-05,,,,,0.038634872936787995
333,10.740.508/0001-80,-0.8834321993739829,-0.9665606637803742,0.2085481066361125,0.5912295399889467,0.01493997818568565
334,10.740.552/0001-90,0.8003559116131527,0.7054868437634837,0.06817210506172477,0.12585431463047608,0.008296629196348979
335,10.740.730/0001-82,,,,,0.03797134235025733
336,10.787.741/0001-18,-0.8154181243106733,-0.27834472976098035,-0.002365034636189855,0.1153400856844427,0.004156470371938488
337,10.824.344/0001-79,0.7998130755932482,,-0.08077888918962299,-0.7898471596464929,0.05608823543726606
338,10.859.917/0001-08,0.7327590515751966,-0.05241358550896525,0.0043222301882789105,-0.5496390592234464,0.01613490264903431
339,10.948.689/0001-34,,,,,0.03655944029885895
340,10.985.223/0001-09,,,,,0.018922061940653056
341,10.986.880/0001-70,0.8314899432678402,-0.8765720335120079,-0.1543702085169043,-0.3216932928948769,0.06094913563923194
342,11.016.865/0001-62,,,,,0.020042878084910436
343,11.051.989/0001-89,,,,,0.01903252823279624
344,11.051.999/0001-14,,,,,0.018397057275930304
345,11.060.657/0001-60,,,,,0.017439578775031335
346,11.060.682/0001-44,,,,,0.0202850636148984
347,11.061.385/0001-13,,,,,0.014599106321895086
348,11.074.758/0001-90,0.4377706536444397,0.37842267404970986,-0.040108601832380526,0.16964241503497282,0.012531871515552429
349,11.087.118/0001-15,0.8841967122772808,-0.8656536338683974,0.07038909512818851,-0.9634130463610449,0.061905531991291604
350,11.184.315/0001-52,,,,,0.036226908973302385
351,11.206.280/0001-05,,,,,0.019510591634009537
352,11.351.449/0001-10,0.8353654968457315,0.18050126024244642,-0.035320187888489514,-0.1942907983227381,0.01623645550629912
353,11.389.154/0001-33,,,,,0.013247414665927435
354,11.389.157/0001-77,,,,,0.03101981444030797
355,11.389.163/0001-24,,,,,0.033812353821786205
356,11.392.091/0001-74,-0.7657798677996788,,0.12487779221428481,-0.9435944538386433,0.04422405442926057
357,11.409.269/0001-42,-0.8633304590154116,,0.2435876403307284,0.6975697078361702,0.05317303863430841
358,11.419.569/0001-02,-0.8528301526858925,0.9308586118631296,-0.10633810864744014,0.965648165672067,0.016732894866615295
359,11.451.205/0001-00,,,,,0.016728494242696883
360,11.471.769/0001-04,,,,,0.019992892925464033
361,11.504.930/0001-07,,,,,0.01873583604266951
362,11.858.506/0001-52,0.0748542396543308,,0.022772134366709797,-0.22870545153970875,0.01750210774384291
363,11.858.554/0001-40,-0.8982916556225339,0.9400585182622411,0.5308189689709972,0.9817567893707336,0.01578549213790273
364,11.859.397/0001-98,-0.6475402311041074,,-0.0024006519758574597,0.6436899832394534,0.01663089337708039
365,11.859.602/0001-15,-0.8940875622844622,0.8656536338683974,0.052046005834279443,0.8819447600481848,0.01779155029351596
366,12.107.422/0001-40,,,,,0.018304508485916884
367,12.120.475/0001-09,0.8097017967174658,-0.5219565470666788,0.0006102980179518756,-0.5873563425566045,0.012021185805602557
368,12.154.392/0001-22,0.8160941335340455,0.17892913673750252,-0.1437066700703656,-0.900101037600325,0.014653849149841759
369,12.402.646/0001-84,,,,,0.02519713990244583
370,12.412.479/0001-52,-0.7081420463131323,,0.026976001970252926,0.6543896423040259,0.014229874055958018
371,12.412.496/0001-90,-0.45677706666991497,,0.022039211367231214,0.00343306705972372,0.013838386038611504
372,12.412.610/0001-81,-0.8962499124530534,0.9516225224353579,0.12781446849221667,0.9226411084972479,0.016264651695612524
373,12.420.078/0001-44,,,,,0.019657635324932934
374,12.421.357/0001-22,,,,,0.01285827756787967
375,12.421.371/0001-26,,,,,0.01232553941274165
376,12.483.978/0001-30,0.8926660370036216,-0.9562960982988956,-0.0965374651795611,-0.9705334559545178,0.02352853552280675
377,12.518.210/0001-55,0.7093055932353292,0.6323238134186947,0.07600286470462264,0.1812140496170724,0.01639068411606938
378,12.586.090/0001-23,,,,,0.016785090570335844
379,12.610.613/0001-20,,,,,0.01644134384606308
380,12.681.350/0001-40,,,,,0.016503164483403724
381,12.923.387/0001-37,-0.8693574985609559,0.9784498885770662,0.02061122889348304,-0.9223444998815882,0.015750148747219014
382,12.984.454/0001-23,0.2554814489098175,,-0.04900997686923422,-0.822540234441193,0.01714721858609666
383,13.058.729/0001-60,,,,,0.013425194766118911
384,13.058.733/0001-29,,,,,0.011993300857123065
385,13.058.811/0001-95,,,,,0.015519643991544901
386,13.058.838/0001-88,,,,,0.014865908118477862
387,13.060.032/0001-24,0.7978038688354314,-0.4664279470845262,-0.08804504237206402,0.2579551325526295,0.04262571223900353
388,13.077.415/0001-05,0.621075061095451,-0.8609145151716764,0.001416434935586441,0.019412384540383666,0.013846074264482209
389,13.077.418/0001-49,-0.8953701914846206,0.7907144853011555,-0.05502214595116936,0.9159165657430269,0.016402065675964656
390,13.301.457/0001-88,,,,,0.05850589253965624
391,13.333.997/0001-43,,,,,0.016597541146255747
392,13.397.466/0001-14,0.6569117140389089,-0.5032096720728055,0.023803102464198107,0.07693493872702473,0.009562446968703736
393,13.400.050/0001-08,0.894539358867509,-0.9398267156551019,0.2342543191379509,-0.18013726775172767,0.06027593667552359
394,13.400.077/0001-09,0.7433504342741933,,-0.10320002948690568,-0.5570821223683331,0.07806179468314706
395,13.400.167/0001-91,,,,,0.014806015391213097
396,13.401.188/0001-21,0.8639384815521426,-0.5482018552343686,-0.09719682678804806,0.9613587168524326,0.033857985731309645
397,13.401.201/0001-42,,,,,0.009643120614850348
398,13.401.510/0001-12,0.764208531481361,-0.8676834654694286,0.20105223178913958,0.9419460522574239,0.009431993488785359
399,13.416.189/0001-40,,,,,0.014321473170861262
400,13.417.364/0001-13,0.7329679879938359,-0.9467549994116745,-0.27686187802384304,0.7953228813710133,0.01650013016049752
401,13.482.675/0001-66,0.8438106041956174,-0.46890402525047586,-0.1248740251752147,0.8225659106948097,0.060036112425193834
402,13.703.754/0001-50,-0.6919430823017052,0.499785358538897,-0.02652543720443378,0.8037675570055668,0.03604412191353079
403,13.849.184/0001-00,,,,,0.0164542923557861
404,13.945.255/0001-79,0.7474317601386192,,0.07118566947199877,0.302522509866126,0.016952015265017793
405,13.945.537/0001-76,0.8298646165881816,-0.4632116174777367,0.06337294571741774,0.20681017030352516,0.017643160363229687
406,13.950.459/0001-06,0.21496533756953037,,0.09082751949450689,-0.5232009154044769,0.014859476334272615
407,13.950.493/0001-72,0.6520850703753782,,0.014850338863217396,0.5554891458364716,0.012074928502100976
408,14.104.042/0001-87,-0.8624582835493574,0.862612465187081,-0.059323675474511776,0.4902301561785957,0.01478847078199156
409,14.104.062/0001-58,-0.8484263771606905,0.911603561359467,0.04293782988391945,0.5109287358605943,0.012266659416146903
410,14.104.139/0001-90,-0.8401320996785784,0.9494947111088229,-0.13867254718858313,-0.03273578703565936,0.01304793634881493
411,14.120.488/0001-03,0.6375534967577023,0.32645765568629465,-0.11381947340359037,0.41832672726264847,0.015802091301820174
412,14.120.495/0001-05,,,,,0.03514133980950226
413,14.120.511/0001-51,0.8539886069255017,-0.9204956319716271,-0.09750016805103286,0.8602113104986607,0.03526149242773391
414,14.122.404/0001-62,,,,,0.023816902651475534
415,14.158.942/0001-07,,,,,0.017612074321151975
416,14.159.055/0001-53,,,,,0.014886232220951583
417,14.180.075/0001-06,,,,,0.016516454415737396
418,14.180.089/0001-20,,,,,0.059382313042497706
419,14.180.100/0001-51,,,,,0.056751376971018584
420,14.188.162/0001-00,-0.8900603982427909,0.8709740976588008,0.12261264812870923,-0.8430899365771103,0.01623526012818446
421,14.414.357/0001-20,-0.884370068904966,,0.02658670593083316,0.7290890763422585,0.015320402115642187
422,14.415.923/0001-19,,,,,0.015899780264395962
423,14.416.043/0001-67,,,,,0.023917352640779915
424,14.437.398/0001-32,-0.8825933039123827,0.8825151809769969,0.14470956489720013,0.9777195654024212,0.015501049215416373
425,14.437.618/0001-28,,,,,0.01538608571030916
426,14.437.684/0001-06,0.5789053149898895,,0.04789616630948632,0.752918451478949,0.07794983500752098
427,14.437.731/0001-03,,,,,0.015947268384049633
428,14.492.346/0001-69,-0.7934838094900696,0.8581220306988608,-0.08420513584488613,0.8696577909855692,0.015177037079215406
429,14.508.652/0001-46,0.2215682967953491,0.07496811877044404,-0.06732822461464663,-0.011025651462123254,0.011161416426022544
430,14.633.188/0001-10,-0.030409943699192886,,-0.023230916350629065,-0.09830402947244067,0.016579708581683093
431,14.933.427/0001-57,-0.7927389516574868,,0.042150818421081676,-0.7242124158195382,0.01682018341626421
432,14.985.331/0001-32,,,,,0.06723946003826227
433,14.985.344/0001-01,,,,,0.035122396594315354
434,15.037.554/0001-30,-0.8841508234926746,0.7870931573972649,0.4414900946368712,0.9406765714186992,0.01623112230685554
435,15.154.319/0001-49,-0.8041132330406707,0.7555871179988853,0.2748056582890155,0.3511336193666561,0.015811287118799887
436,15.154.422/0001-99,-0.9047468347652934,-0.29477333983479104,0.101381260068245,0.7100913806308343,0.015412395612767882
437,15.154.429/0001-00,-0.844513328339689,0.8942107226071889,0.0548406182045955,-0.9756737903103551,0.014770762431407397
438,15.342.499/0001-92,,,,,0.052976051801343356
439,15.636.949/0001-50,-0.7326005474384331,0.9371224262156549,0.24550810253278718,-0.47283647441660764,0.015686317440649272
440,15.636.997/0001-48,,,,,0.036275987890739395
441,15.649.194/0001-28,,,,,0.014884081508078018
442,15.714.477/0001-06,0.7766753700771467,,-0.057833297690661964,-0.8501050146065957,0.016820267197813533
443,15.730.386/0001-64,,,,,0.017531548822407622
444,15.786.690/0001-23,-0.696290615981215,,-0.12812642236414482,-0.9550683155171363,0.041632006351234464
445,16.403.465/0001-23,0.8789029104737958,-0.9276081724275828,0.02531682502483203,0.8573425850885481,0.06107184100120426
446,16.599.968/0001-16,0.8795967745627955,0.5910941514881681,0.19350552559539055,-0.6589391248314487,0.027529255835116076
447,16.877.553/0001-67,,,,,0.039930568340673996
448,16.877.592/0001-64,,,,,0.016786091926759908
449,16.877.609/0001-83,0.810363101330686,-0.8431243540169466,-0.10324341710247743,0.3592169142790267,0.013319233018373183
450,16.916.063/0001-22,-0.015582539928049472,0.583010112105208,-0.0028972895475701007,-0.10464484721762912,0.015819683227332546
451,16.938.231/0001-80,0.8950568866076595,-0.9527362253074646,0.15846815659772012,-0.9602247866441092,0.016041468590495798
452,17.116.243/0001-92,,,,,0.016572536850021913
453,17.161.576/0001-33,-0.892737595237987,0.8563286152752485,0.2828375238052115,-0.6582434585288155,0.014653882096888834
454,17.161.620/0001-05,-0.9154868782352187,0.7765685831318855,0.0987686593245177,0.522771378599242,0.01541697974957426
455,17.254.044/0001-40,0.5279066198859362,-0.6705324215112473,-0.051414699884073614,-0.9458060587269421,0.01648368032731792
456,17.295.128/0001-22,0.14618254970505887,,0.15063460408575283,-0.4423407838522367,0.016200835361753544
457,17.322.725/0001-07,-0.9031112577147326,0.9548154339749385,0.20636136439625963,0.35293836395686573,0.016098626175099603
458,17.412.314/0001-02,-0.7980893165721147,,0.09262398461669198,-0.9867747515110908,0.017409645859259627
459,17.420.249/0001-59,0.39737637407074955,,-0.008302538703136443,-0.12236987488360104,0.01682237874641065
460,17.488.691/0001-17,,,,,0.01579907269094454
461,17.488.700/0001-70,,,,,0.010637013581062851
462,17.488.983/0001-50,,,,,0.01549409355813526
463,17.489.000/0001-08,0.7295760353896362,,-0.11505268778857326,0.07845519430719836,0.03524041807830741
464,17.489.019/0001-46,0.8429080544372483,,0.14100245661137206,-0.8096752596432955,0.016765150878522928
465,17.502.869/0001-37,-0.8132310507722326,0.8169004137752466,0.04306047772511863,0.9584111924884435,0.012668278027776024
466,17.503.826/0001-76,-0.8534314305760451,-0.9182485477815597,0.01391291616917616,0.5801695762620128,0.015574912865874724
467,17.517.204/0001-05,,,,,0.010921703715072815
468,17.517.216/0001-21,,,,,0.01693985255848955
469,17.517.231/0001-70,,,,,0.011573751687801986
470,17.517.250/0001-04,,,,,0.017782101906735938
471,17.517.260/0001-31,,,,,0.01158549743490802
472,17.517.268/0001-06,,,,,0.018368704672818023
473,17.517.276/0001-44,,,,,0.012547551084667739
474,17.517.290/0001-48,,,,,0.014655933568160641
475,17.517.302/0001-34,,,,,0.015226670089952741
476,17.517.310/0001-80,,,,,0.016672961503955915
477,17.517.318/0001-47,,,,,0.01755197114027677
478,17.517.325/0001-49,,,,,0.018201924733945676
479,17.517.337/0001-73,,,,,0.015415653556760958
480,17.517.351/0001-77,,,,,0.015721225319953784
481,17.517.359/0001-33,,,,,0.016879893482908904
482,17.517.366/0001-35,,,,,0.017699010310035138
483,17.517.372/0001-92,,,,,0.018339713264385663
484,17.517.380/0001-39,,,,,0.0147647524468865
485,17.517.402/0001-60,,,,,0.02029180706492039
486,17.687.735/0001-38,-0.8826319974530086,,-0.011050340958714194,-0.06241411596023068,0.016530498615023557
487,17.687.759/0001-97,0.7522148921241986,,-0.010574238339593062,-0.34213886393935533,0.011102150260702043
488,17.758.550/0001-77,,,,,0.0481983864334686
489,17.758.784/0001-14,,,,,0.04798674291018852
490,17.955.613/0001-85,-0.08823278034505842,0.8581220306988608,0.3525304322062829,0.016190320583068626,0.02643825256364286
491,18.000.270/0001-68,,,,,0.01541625863872914
492,18.000.294/0001-17,,,,,0.01578635133345807
493,18.033.470/0001-17,0.8801335571484104,-0.9480466132038025,-0.17484988526475023,-0.2340503575607415,0.02498982349582963
494,18.059.029/0001-04,,,,,0.01907213598791018
495,18.060.364/0001-22,-0.39938142489569084,-0.499785358538897,-0.06633803684473877,-0.5019492955489281,0.016534911931842144
496,18.079.388/0001-23,0.761357877992114,,0.01777749264165766,0.8736741719409103,0.01706834167420857
497,18.083.593/0001-62,-0.5757175043485134,,0.0432364335680347,0.5803761568578456,0.01674517501316727
498,18.138.913/0001-34,0.719336763565254,,-0.0780731525186568,0.7614951190703408,0.01652059212443803
499,18.138.944/0001-95,-0.855441332123401,0.897557358403768,-0.16160569070360864,-0.5366240074851022,0.014005915217266093
500,18.160.533/0001-04,,,,,0.015285401953621209
501,18.160.545/0001-20,,,,,0.013060682698061843
502,18.185.829/0001-71,0.8629683666283288,-0.8299406875170436,-0.00643567087480697,0.8023549831917216,0.013377423468014162
503,18.249.239/0001-65,0.7812893706990951,-0.8590376122562459,-0.21518533888891567,0.9700484786763417,0.0349030781406862
504,18.307.549/0001-99,,,,,0.016572888963263768
505,18.316.558/0001-46,0.3589474955264037,-0.9289552915570594,-0.09571937109440118,-0.7683933662558555,0.01674305640047419
506,18.428.661/0001-88,-0.8716580272818348,0.8777536822006488,0.21847555095766552,-0.2785220038804887,0.01888957706986185
507,18.602.419/0001-89,,,,,0.01424489714912349
508,18.716.322/0001-05,,,,,0.013738753618925225
509,18.719.735/0001-35,,,,,0.027477846762819134
510,18.821.608/0001-42,,,,,0.06521575668620876
511,19.009.645/0001-13,0.7932060032271498,,0.056928468604440015,0.8929018420959997,0.013443889069353152
512,19.170.160/0001-07,0.8815450719699388,-0.6310129191463746,0.05562960070427794,0.3850698259186752,0.01647900109365543
513,19.303.792/0001-00,-0.336145894632421,0.8900374672810291,0.08568831923608024,-0.3027181627118013,0.014955269800962448
514,19.312.112/0001-06,-0.8263767778209127,0.825455340674418,-0.01400456616476724,0.05164195438253164,0.013627850038305332
515,19.324.345/0001-29,-0.8578915473888774,0.9299726158917451,0.0018477203322048758,0.8803554195411329,0.04236306301046526
516,19.390.887/0001-08,,,,,0.05951998707508615
517,19.419.157/0001-84,0.8171703890625647,-0.9135985817409061,-0.025559680454076184,0.906522048798854,0.06059888745805713
518,19.638.650/0001-95,,,,,0.016595829479906704
519,19.656.748/0001-75,-0.7599489425026017,,0.05479138883473485,-0.7670352605457813,0.015261758945538209
520,19.670.848/0001-56,0.9140375182164462,,0.022773475552537507,-0.7209717212141507,0.017219184696922147
521,19.769.018/0001-80,-0.2967972780335065,-0.7807880788836177,0.13394317385547766,0.9301777077810546,0.016527488781604614
522,19.808.501/0001-27,0.7626918150670745,,-0.04356309270109485,-0.6362967161937972,0.01653088003542629
523,19.809.519/0001-43,-0.2613703879124449,,-0.09243402166767259,-0.20058226510469626,0.01691100584287617
524,19.959.552/0001-50,,,,,0.015570096472406838
525,20.146.294/0001-71,-0.8560030634094511,-0.9661915873255462,-0.08490356169553871,-0.8163806077597585,0.019999239548873757
526,20.147.372/0001-52,-0.9124862422576357,0.9488288073609068,0.16909504807437223,0.7507689705837925,0.01607254819359469
527,20.193.550/0001-81,,,,,0.06261424714820052
528,20.194.039/0001-02,,,,,0.0623946453702473
529,20.194.059/0001-75,-0.8487034472320053,0.9353652971944746,-0.06270623097335454,-0.988641483638087,0.011598006161379166
530,20.216.216/0001-04,0.830093677518508,-0.9288056606148007,-0.04846123981095125,-0.09739409570039256,0.03608168615195549
531,20.216.336/0001-01,0.744704068368093,0.6705324215112473,0.08266019960462326,0.3926571949226835,0.017904913366603804
532,20.216.348/0001-28,-0.8549281121877936,0.8580924229277207,-0.046722093293481405,-0.8041837188901387,0.016242310775341894
533,20.216.410/0001-81,,,,,0.016510927408924438
534,20.216.906/0001-55,,,,,0.016223451313921253
535,20.287.889/0001-47,-0.8857773318415875,0.33835710133258173,0.047097849903466535,-0.5104443323356671,0.016779318901247786
536,20.335.176/0001-01,0.6686285247728141,-0.8984205171986892,-0.33034057969170466,-0.9645173734789039,0.017131506827200348
537,20.394.349/0001-62,0.28523956939284734,-0.8656536338683974,0.05051104593603533,-0.9319943558566397,0.01547941183889612
538,20.743.601/0001-00,-0.4838304172077526,,0.08018569111337065,-0.37711179380966486,0.01652798809459354
539,20.762.355/0001-25,0.8009554886988345,0.8765720335120079,0.008483406883762486,-0.04234644060840405,0.01631915693649062
540,20.824.446/0001-48,-0.9003822843665154,,0.1065378413331932,-0.9907873363442832,0.017669652015628177
541,20.934.408/0001-48,0.7624606342190292,,0.03164178304412523,0.15562605233892984,0.01713332288687228
542,21.040.553/0001-48,,,,,0.013991529247879081
543,21.052.828/0001-63,,,,,0.01956696003353533
544,21.053.024/0001-89,,,,,0.020156340692314607
545,21.170.347/0001-52,0.7719859350455667,-0.908873413763246,-0.10959784183860476,-0.965524836739209,0.015239572229092689
546,21.185.984/0001-00,0.7737361345879057,-0.954860907208515,-0.2456973614853484,-0.9824326045588124,0.017156417102712627
547,21.321.611/0001-01,,,,,0.062481652464906424
548,21.347.516/0001-87,,,,,0.08866186801256679
549,21.347.549/0001-27,,,,,0.048123130446946216
550,21.347.685/0001-17,,,,,0.016826505087032283
551,21.406.113/0001-61,,,,,0.016659839916319027
552,21.407.336/0001-43,,,,,0.04241503764302146
553,21.407.547/0001-86,,,,,0.04259854745394152
554,21.454.620/0001-70,,,,,0.017635790087573575
555,21.454.647/0001-63,,,,,0.01626334702905756
556,21.454.658/0001-43,,,,,0.01704280009372835
557,21.462.255/0001-46,,,,,0.016420140815400854
558,21.470.647/0001-57,,,,,0.016610675767769173
559,21.596.006/0001-43,,,,,0.03157790557982125
560,21.596.013/0001-45,,,,,0.02971594083184562
561,21.625.010/0001-92,,,,,0.018741767140262974
562,21.625.026/0001-03,0.8838757275584077,-0.8996927737538877,-0.12874507627441656,-0.7734919161367503,0.06260620055703495
563,21.838.150/0001-49,0.7809087086949799,,0.009038729537323606,-0.9103277736381189,0.03469122998572622
564,21.838.242/0001-29,,,,,0.01704934531660838
565,21.888.703/0001-78,-0.046190638396210265,-0.7647469964326649,0.08025599027652203,-0.43942898824140597,0.016929258227409996
566,22.003.706/0001-40,,,,,0.05996567448441368
567,22.809.048/0001-88,-0.8539216988123066,0.9300401721113186,-0.14075360729109135,0.9728813573786893,0.01617367978760192
568,23.066.677/0001-28,,,,,0.06022980608223457
569,23.066.717/0001-31,0.7218363285637032,-0.6705324215112473,0.10690481397059326,-0.15805493773010584,0.016901347312523008
570,23.120.582/0001-45,-0.8469456723558161,0.9017255531133079,-0.2047250925194418,0.9727885522237357,0.01314040850958656
571,23.216.703/0001-57,,,,,0.0166204660571211
572,23.425.548/0001-89,-0.5771856144732895,,-0.011935654126485033,0.07085460346897299,0.01646382306324704
573,23.502.688/0001-03,,,,,0.010859285143944108
574,23.546.603/0001-99,,,,,0.043693877703542515
575,23.546.652/0001-21,,,,,0.04476644808800259
576,23.546.663/0001-01,,,,,0.04454176702955241
577,23.556.185/0001-10,-0.05520947440133367,-0.9171507194380415,-0.04840529860468562,0.14755332701958893,0.015963985598736286
578,23.611.289/0001-80,,,,,0.01649049669125837
579,23.722.300/0001-80,0.21796866465744275,,0.032932803037696856,-0.17923919449561354,0.01630550925734301
580,23.731.371/0001-49,0.8859243371828462,-0.9186681882835104,0.1366390250796644,0.8914867361012265,0.03396006041564861
581,23.731.523/0001-03,-0.8925074305557462,,-0.11365549663201992,0.770729244452665,0.016269935198872133
582,23.731.558/0001-42,-0.7542549199334538,0.8656536338683974,-0.018894893790428274,-0.34321487134884443,0.016500340652416158
583,23.863.573/0001-44,0.8398368824532553,-0.9931400730453263,-0.15162695058314765,-0.5299591712812037,0.011966754272326366
584,23.883.385/0001-88,,,,,0.01629734234293807
585,23.956.069/0001-99,-0.4927289893651557,,-0.0921276496083076,-0.40483077081751606,0.017518087245966287
586,23.970.201/0001-17,0.8812556105949997,-0.87175480943534,0.14176674153165844,0.9261213880447684,0.01944926609353476
587,24.011.864/0001-77,0.8747526409498548,-0.3271863195335914,0.010560097901309807,-0.9517566446913776,0.03663879678540471
588,24.022.558/0001-36,,,,,0.034133605509527445
589,24.552.905/0001-32,0.8122874044671021,-0.4573290756619372,-0.04672235625855355,0.5716936043444009,0.016529600284867673
590,24.552.923/0001-14,,,,,0.017105355027759582
591,24.552.942/0001-40,,,,,0.017988867163761486
592,24.572.219/0001-23,0.8319275783895914,-0.911232884293854,-0.05901116450336194,0.976683133543383,0.017729030513691558
593,24.651.257/0001-71,,,,,0.019992773830900222
594,24.651.290/0001-00,,,,,0.02054554864272891
595,25.078.994/0001-90,0.8023222385213322,-0.8430493450084896,-0.06125064027416026,0.8909942382654346,0.03828169270747597
596,25.079.965/0001-42,,,,,0.020709300349265457
597,25.097.614/0001-64,-0.4403892442376782,,0.1686227167493974,-0.7322561371405011,0.06085935491874807
598,25.306.579/0001-46,-0.6844411241341969,,0.036004896627315985,0.6772767735244853,0.015500443773867044
599,25.306.624/0001-62,,,,,0.06094886609427908
600,25.340.940/0001-50,,,,,0.04606995526990144
601,25.340.953/0001-20,,,,,0.04628334675919644
602,25.340.991/0001-82,0.5712417948035134,,0.05737889555704538,-0.5162391065900896,0.01690816680233395
603,26.199.425/0001-65,-0.41340268315486994,0.8900061570200454,-0.1560236493588315,-0.6010000990787514,0.016896326047335916
604,26.199.519/0001-34,0.780320311014818,-0.9029738447392067,0.5503620844145686,-0.9637093412202266,0.016418576459140806
605,26.210.285/0001-89,-0.6754289200715937,0.6705324215112473,0.011428917480512201,0.7084999913388481,0.016506324397148706
606,26.218.447/0001-25,,,,,0.019027882105645644
607,26.243.411/0001-00,,,,,0.01960522177625222
608,26.434.293/0001-09,-0.9057597955495291,0.9130204294050165,0.2249544638083875,0.14329134756880801,0.01646108165886714
609,26.525.468/0001-93,-0.164105291722469,-0.5334636172005475,0.012747913916679671,-0.3597501647676539,0.01580587315462095
610,26.559.284/0001-44,0.21094292657208408,0.8395973453681029,0.07699727555883938,0.09392894134668921,0.01631302513183967
611,60.906.179/0001-72,-0.8845332465622782,0.9142841809657364,0.22362853169873076,0.3023315396598488,0.015536096888833643
612,64.919.871/0001-96,-0.8684433332623122,,0.018452959541135145,-0.9912355607422,0.015575448451196901
613,68.599.141/0001-06,0.8674925259148893,0.8004110217538689,0.022635775816624557,-0.9826436921134558,0.006401931885368163
614,68.623.479/0001-56,-0.8875031406228265,0.8810134301859249,-0.0021747462091911804,0.9667475164008805,0.012937377291171791
615,68.971.183/0001-26,-0.8898842824871517,0.9239134587612016,0.07840514364983822,0.6398115934253932,0.015697019025876398
616,97.519.703/0001-62,0.754841491867357,-0.9684860069800533,-0.11184678359952407,0.7592003922398091,0.017540727640250508
617,97.519.794/0001-36,-0.8806220842099283,0.9411775184060043,0.07243500599120499,0.9897358060067108,0.01569520252587519
