CNPJ,IbovCorrelation,SELICCorrelation,flowCorrelation,avgTicketCorrelation,vol,resultKmeans,DENOM_SOCIAL
27.944.378/0001-08,0.5389952946982376,-0.9107963829178312,-0.0988959149768821,0.7565505880184101,0.04854880989905039,3,
28.947.266/0001-65,0.30109007701115104,-0.9122334313815994,-0.3655337749482296,0.31810174091837085,0.037966504072849135,3,
18.422.272/0001-45,0.8258515425205891,-0.740936994663246,-0.030053489549809374,-0.09090756134209672,0.1241112254999292,4,ABSOLUTE VERTEX CSHG FUNDO DE INVESTIMENTO EM COTAS DE FUNDO DE INVESTIMENTO MULTIMERCADO
21.470.989/0001-77,0.6789428127960999,-0.7615595379918351,-0.025041344398025703,-0.16017079310660434,0.1242918840955407,4,ABSOLUTE VERTEX FUNDO DE INVESTIMENTO EM COTAS DE FUNDOS DE INVESTIMENTO MULTIMERCADO
23.565.803/0001-99,0.7532806964292211,-0.7648126579865785,-0.035843940457899716,-0.7842305068983763,0.12380850007981982,4,ABSOLUTE VERTEX II FUNDO DE INVESTIMENTO EM COTAS DE FUNDOS DE INVESTIMENTO MULTIMERCADO
31.963.220/0001-44,0.023896523372812742,-0.5205907371779515,-0.22167975654985986,-0.5887910932910055,0.03209794433642627,0,
34.774.662/0001-30,0.17115158724427412,-0.6691898861530953,-0.019831384318596858,-0.37675502634231256,0.03454663558272044,0,
24.119.462/0001-90,0.4072963555557822,-0.5655075350209756,0.08268739580045488,-0.7012177008570513,0.08877493973172577,4,ADAM ADVANCED 1 FICFI MM CRÉDITO PRIVADO IE
24.018.977/0001-02,0.3255657623405496,-0.3006266974170456,0.06248349172693745,0.53994432617568,0.08979013560103634,3,ADAM ADVANCED II FI EM COTAS DE FI MULTIMERCADO CRÉDITO PRIVADO INVESTIMENTO NO EXTERIOR
24.119.419/0001-25,0.24946110555047826,-0.7851219199461337,-0.038382600770145485,0.457255851719233,0.06578589401665176,3,ADAM MACRO 1 FUNDO DE INVESTIMENTO EM COTAS DE FUNDOS DE INVESTIMENTO MULTIMERCADO
24.078.037/0001-09,-0.6817500633862014,0.08316658796322182,0.0825895445862737,0.4307234787395233,0.06639792107953288,2,ADAM MACRO ADVISORY FUNDO DE INVESTIMENTO EM COTAS DE FUNDOS DE INVESTIMENTO MULTIMERCADO
24.029.438/0001-60,-0.6841933258759881,0.2828613926246256,0.06942076777682761,-0.9657655744297726,0.06633033599037681,2,ADAM MACRO II FUNDO DE INVESTIMENTO EM COTAS DE FUNDOS DE INVESTIMENTO MULTIMERCADO
29.298.529/0001-15,-0.243191153999422,0.9215591976025082,-0.1740055814536175,-0.22949958540565205,0.03463637388114015,1,
23.979.285/0001-50,-0.10536352328967087,0.4282944671386328,-0.09321456372098903,-0.02550294336785397,0.057393172586783066,1,
29.286.406/0001-64,0.030824105770868464,0.9237812698336124,-0.08192915857309002,-0.2452389704537217,0.03423881082189142,1,
23.951.048/0001-80,-0.10549642960232117,0.4953289739789294,-0.048914388255727664,0.1693127818645974,0.057779734833196275,1,
13.001.211/0001-90,-0.5440476847475839,-0.2907942041266418,0.062290920942960126,-0.7370784820362967,0.059540790592088264,0,ALASKA RANGE FUNDO DE INVESTIMENTO MULTIMERCADO
31.525.084/0001-00,-0.1635807803907586,-0.9337912946676862,-0.13258649575012926,-0.5858451977096465,0.1589999034086797,0,
33.784.197/0001-56,-0.4947005563546105,-0.8531413861676935,-0.14364855054875733,-0.9104522234232368,0.13915530337445145,0,
13.608.337/0001-28,0.7772351824838364,-0.6206929355085542,-0.04802517949164619,-0.17350107920071287,0.14126728289546386,4,APEX EQUITY HEDGE FUNDO DE INVESTIMENTO MULTIMERCADO
15.182.407/0001-54,0.7510849978199312,-0.7860811487732481,-0.1182051625691448,0.07275903793352433,0.1615667322318334,3,APEX EQUITY HEDGE STR FUNDO DE INVESTIMENTO MULTIMERCADO
33.345.956/0001-84,-0.2656915674480313,-0.9146430371105524,0.02620232732828048,-0.377436323686456,0.10405453080757346,0,
27.826.024/0001-50,0.2532882119643668,-0.09449908104953662,0.058845385786723076,-0.5384447019049119,0.14007111025650842,0,
17.414.721/0001-40,0.4765894840824211,-0.7137140087576742,0.09692286791092604,-0.7861265117699985,0.10265408749219067,4,ARX MACRO FUNDO DE INVESTIMENTO EM COTAS DE FUNDOS DE INVESTIMENTO MULTIMERCADO
06.041.290/0001-06,-0.6721213820384306,0.14462532597448918,-0.06952041862561424,0.4222176248908617,0.08915429133564302,2,ARX EXTRA FUNDO DE INVESTIMENTO EM COTAS DE FUNDOS DE INVESTIMENTO MULTIMERCADO
32.240.069/0001-89,-0.1961092737107047,-0.5915612668183228,-0.5639762410143656,-0.4761031330299363,0.03212966543495725,0,
26.323.079/0001-85,0.6884777671294439,-0.8659910920301526,0.0009818478645433311,-0.6300780396476495,0.11692766123671228,4,AZ QUEST MULTI MAX FUNDO DE INVESTIMENTO EM COTAS DE FUNDOS DE INVESTIMENTO MULTIMERCADO
14.812.722/0001-55,0.4998130339968867,-0.7019452325823567,0.013313039029836935,-0.01481128065591196,0.08985502245379944,4,AZ QUEST TOTAL RETURN FUNDO DE INVESTIMENTO EM COTAS DE FUNDOS DE INVESTIMENTO MULTIMERCADO
23.732.231/0001-95,0.7766090375651372,-0.7770940934348219,-0.00633825172147106,-0.7756846555764781,0.17101453752619852,4,BAHIA AM LONG BIASED FUNDO DE INVESTIMENTO EM COTAS DE FUNDOS DE INVESTIMENTO MULTIMERCADO
11.802.604/0001-78,0.18038496033323748,0.8657096792402321,0.657300899372145,-0.4344272513309058,0.09531001949066634,1,BB MULTIMERCADO LONGO PRAZO GLOBAL VITA PRIVATE FUNDO DE INVESTIMENTO
33.617.774/0001-15,-0.30829795606215105,-0.9205656487515944,-0.18930642151232605,0.08025062423849523,0.03158250454460572,0,
18.079.540/0001-78,0.13137899652506646,-0.5264754022715786,-0.07820856139991005,0.1343220870992738,0.1355538131090597,0,BRADESCO FUNDO DE INVESTIMENTO MULTIMERCADO S&P 500 MAIS
01.214.092/0001-75,0.5420692695340804,-0.5640167475625733,-0.08943097155642549,-0.8145260352116708,0.08649097971429619,4,BTG PACTUAL DISCOVERY FUNDO DE INVESTIMENTO MULTIMERCADO
31.964.487/0001-56,0.14883196925683792,-0.9126456685411372,-0.07831270162278631,0.7092088526995449,0.1821324330157228,3,
34.096.227/0001-02,-0.4137649272318071,-0.33603987588000794,-0.152308762477225,-0.4228196443981168,0.04031069672527255,0,
23.657.960/0001-24,0.7908990119545718,-0.8921863885201421,0.0643266759324242,0.8902244515548331,0.102568564492156,3,BTG PACTUAL TOF FUNDO DE INVESTIMENTO MULTIMERCADO
15.212.344/0001-31,-0.6914329281875444,0.4850840924649072,8.936351810434199e-05,-0.3032733375108275,0.10031277737886933,2,CANVAS ENDURO 30 CSHG FUNDO DE INVESTIMENTO EM COTAS DE FUNDO DE INVESTIMENTO MULTIMERCADO
18.480.735/0001-25,-0.465589222294626,-0.3859603903764498,-0.02744526606011612,0.8182287263434506,0.09904488455465572,3,CANVAS ENDURO II FUNDO DE INVESTIMENTO EM COTAS DE FUNDOS DE INVESTIMENTO MULTIMERCADO
13.106.979/0001-29,0.620910653927035,-0.7958738691890686,-0.0652327571412233,-0.5358270054755524,0.0990445143796168,4,CANVAS ENDURO FUNDO DE INVESTIMENTO EM COTAS DE FUNDOS DE INVESTIMENTO MULTIMERCADO
28.345.351/0001-53,0.35186842353531,-0.9401187628112732,0.10282633367702944,-0.2773511377210847,0.1071775654574135,4,
28.866.524/0001-89,0.2851631499867852,-0.9398394016172754,0.08191637935489426,-0.6923986255842606,0.10671905988585922,4,
29.232.917/0001-01,0.4625922304905009,-0.9107963829178314,-0.22829770400168625,-0.1851891109379876,0.12971894361265526,4,
29.852.634/0001-54,-0.3360460556982081,0.9107963829178312,-0.10942796304592096,-0.9357430487595804,0.03852809378834488,1,
27.944.406/0001-89,0.09657733939890578,0.948995575002626,-0.04216849108025593,-0.4981098332183198,0.03379367579401006,1,
05.109.839/0001-86,-0.011809219217030677,-0.1922810214143015,0.04589762449433392,-0.8106734062520908,0.0997658610647951,0,CLARITAS LONG SHORT FUNDO DE INVESTIMENTO EM COTAS DE FUNDOS DE INVESTIMENTO MULTIMERCADO
29.298.540/0001-85,0.3359256211957745,-0.9250942500549014,0.046143016697634,-0.4986001748025285,0.09377511407293397,4,
28.971.643/0001-00,0.03582442348044384,0.5720904854906352,0.1311859752556809,0.006707630473765408,0.08523381596207938,1,
28.971.607/0001-38,0.3111447816698357,0.911953191287117,-0.3871464823693617,0.01305154554373857,0.1086842166548616,1,
04.806.420/0001-10,-0.7957943287056933,0.8283946442599499,-0.06820914249898284,-0.562717181016406,0.11389708839850655,2,CSHG VERDE AM  BETA 14 FUNDO DE INVESTIMENTO EM COTAS DE FUNDO DE INVESTIMENTO MULTIMERCADO
03.074.954/0001-37,-0.7176595480178237,0.8211252282203433,0.15778451810083055,-0.021508254971166155,0.09045039480780244,2,CSHG TOP II FUNDO DE INVESTIMENTO EM COTAS DE FUNDO DE INVESTIMENTO MULTIMERCADO
03.536.908/0001-02,-0.833034229998124,0.7537259001153133,0.11290681309667144,0.23808912888731,0.11386520057630035,2,CSHG VERDE AM STAR FUNDO DE INVESTIMENTO EM COTAS DE FUNDO DE INVESTIMENTO MULTIMERCADO
01.221.890/0001-24,-0.8389950835997642,0.8475304108600424,-0.031935984094862466,-0.4465237497868105,0.08506214282210348,2,CSHG VERDE FUNDO DE INVESTIMENTO EM COTAS DE FUNDO DE INVESTIMENTO MULTIMERCADO
33.346.346/0001-03,0.008178692309840505,-0.5205907371779515,-0.002762063488132033,0.13887660782084774,0.09619717839397897,0,
34.309.551/0001-53,-0.0029497134772039947,0.8999033964244283,0.16376097953909774,-0.7281929532366891,0.09023331746475156,1,
29.242.437/0001-13,0.3620572450370851,-0.9113639193531438,0.2098807998169,-0.473477450769476,0.15676965407916915,4,
30.317.454/0001-51,0.5824391479984732,-0.9110952126214636,0.00791381069908632,-0.54086447603791,0.16767948395056967,4,
26.491.375/0001-95,-0.5320894048881001,0.9162166859887282,0.06667771313282712,-0.9782630935249408,0.039114671427515964,2,
27.945.311/0001-80,-0.02286473381100208,0.9159582854071506,-0.2317500000843045,-0.21339686395604876,0.0405273898245171,1,
19.628.666/0001-17,0.7588309344863428,-0.8036830535383918,-0.060570506966453073,0.4170622778345572,0.1547850325482728,3,EXPLORITAS ALPHA AMERICA LATINA FUNDO DE INVESTIMENTO EM COTAS DE FI MULTIMERCADO
17.412.472/0001-54,0.17566187286272647,-0.03135824456985447,0.11755511049138895,-0.6285928837080208,0.3133263298188038,1,FOF MULTI GLOBAL EQUITIES MULTIMERCADO INVESTIMENTO NO EXTERIOR FDO DE INV EM COTAS DE FDOS DE INVES
34.660.333/0001-69,-0.3471316489745909,-0.921594243934364,-0.3624522488586449,0.7246170009348369,0.034290944015679704,3,
03.737.200/0001-10,0.4945248526773986,-0.7583010804379519,0.04263168930868038,0.4799416283039441,0.062099662138778926,3,FUNDO DE INVESTIMENTO EM COTAS DE FUNDOS DE INVESTIMENTO CAIXA ESTRATÉGICO MULTIMERCADO LONGO PRAZO
18.961.501/0001-08,0.15977145536929133,-0.5788086540464086,-0.020468866283471956,-0.03363880559277496,0.07273118960937247,0,FUNDO DE INVESTIMENTO EM COTAS DE FUNDOS DE INVESTIMENTO MULTIMERCADO GARDE DUMAS
14.655.180/0001-54,-0.6363967536751601,0.6725709892078551,0.09591366905291934,-0.01422324603429988,0.09296287155149924,2,FUNDO DE INVESTIMENTO MULTIMERCADO SCULPTOR CRÉDITO PRIVADO
01.823.373/0001-25,0.6624331464655302,-0.7706454034239743,0.5812729813348172,-0.6262155802146873,0.11874294498561422,4,GAP ABSOLUTO FUNDO DE INVESTIMENTO EM COTAS DE FUNDOS DE INVESTIMENTO MULTIMERCADO
03.804.917/0001-37,0.5630594883642976,-0.5450585363528332,-0.04762821413585186,-0.7674538916465339,0.1151399036628986,4,GAP MULTIPORTFOLIO FUNDO DE INVESTIMENTO EM COTAS DE FUNDOS DE INVESTIMENTO MULTIMERCADO
26.179.685/0001-79,0.33529927338224064,-0.5322366323191677,-0.1817571962296034,-0.6236954571939197,0.07306434092513353,4,GARDE DARTAGNAN ADVISORY FUNDO DE INVESTIMENTO EM COTAS DE FUNDOS DE INVESTIMENTO MULTIMERCADO
19.212.817/0001-51,0.01052916913046119,-0.4482524406886952,-0.16791879679463756,-0.5646401340504436,0.07326377403461817,0,GARDE D'ARTAGNAN FUNDO DE INVESTIMENTO EM COTAS DE FUNDOS DE INVESTIMENTO MULTIMERCADO
24.592.505/0001-50,0.5240002039248564,-0.7501973618911489,0.26164387357913865,-0.2507554261907565,0.14483434819533647,4,GAUSS FUNDO DE INVESTIMENTO EM COTAS DE FUNDOS DE INVESTIMENTO MULTIMERCADO
20.725.810/0001-12,-0.6976610251141576,0.19018803158980865,-0.04782713092829307,-0.7992797790849906,0.14349716741692267,2,GAUSS II FUNDO DE INVESTIMENTO EM COTAS DE FUNDO DE INVESTIMENTO MULTIMERCADO
29.826.089/0001-21,0.2926322281652157,-0.9265951966166488,0.11749972315236408,-0.6705749025273976,0.08583309160105441,4,
11.052.478/0001-81,0.6908322761400439,-0.7758415882306884,0.07522759683165414,-0.7993133682954684,0.14187886814943712,4,GIANT ZARATHUSTRA FUNDO DE INVESTIMENTO EM COTAS DE FUNDOS DE INVESTIMENTO MULTIMERCADO
26.525.548/0001-49,0.8276006240603009,-0.8408049451490381,0.2779317602735215,0.6737274587619204,0.14108490560266998,3,GIANT ZARATHUSTRA II FUNDO DE INVESTIMENTO EM COTAS DE FUNDOS DE INVESTIMENTO MULTIMERCADO
19.203.036/0001-09,-0.5578001948490366,-0.16654613961244974,0.10014450586194054,0.08059719206663526,0.07298826576303379,0,GRDP FUNDO DE INVESTIMENTO EM COTAS DE FUNDOS DE INVESTIMENTO MULTIMERCADO
26.470.660/0001-20,-0.5815807669973271,0.7406888679692093,-0.0833651540850644,-0.41175176914278816,0.05888166147751271,2,
24.193.691/0001-55,0.7084337232768753,-0.5960008445383403,-0.04852910104364095,-0.8347764463196219,0.08029367870603935,4,GRIPEN ADVISORY FUNDO DE INVESTIMENTO EM COTAS DE FUNDOS DE INVESTIMENTO MULTIMERCADO
18.489.908/0001-76,0.7690233058126719,-0.8729657918737834,-0.05632698505363081,0.6797343371170691,0.07996177060522787,3,GROWLER FUNDO DE INVESTIMENTO EM COTAS DE FUNDOS DE INVESTIMENTO MULTIMERCADO
06.867.811/0001-70,0.7656994841151029,-0.8572435664741489,-0.016738239433192158,-0.6869811226418848,0.17144234823549556,4,HEDGE ALTERNATIVE INVESTMENTS FICFI MULTIMERCADO CRÉDITO PRIVADO
12.154.412/0001-65,0.4688567744011825,-0.8778173883219134,0.6308641080195034,-0.1985059999507442,0.09989002720145776,4,IBIUNA HEDGE FUNDO DE INVESTIMENTO EM COTAS DE FUNDOS DE INVESTIMENTO MULTIMERCADO
15.799.713/0001-34,0.42679288358304907,-0.7722290321950662,0.3108658590120065,-0.5546753056720172,0.14585971114794646,4,IBIUNA HEDGE STH FUNDO DE INVESTIMENTO EM COTAS DE FUNDOS DE INVESTIMENTO MULTIMERCADO
17.137.326/0001-68,-0.8134284964351729,0.8747841740514716,-0.16534890687020615,-0.7629503952071366,0.14585720022835166,2,IBIUNA HEDGE STHG FUNDO DE INVESTIMENTO EM COTAS DE FUNDOS DE INVESTIMENTO MULTIMERCADO
15.603.942/0001-31,-0.7978205435005824,0.7808603248128942,0.01253740044911615,0.11236326578750178,0.14742815285718694,2,IBIUNA HEDGE STR FUNDO DE INVESTIMENTO EM COTAS DE FUNDOS DE INVESTIMENTO MULTIMERCADO
28.647.981/0001-82,-0.10396203729658812,0.22897818509962195,-0.2260497571484551,-0.32140740431761605,0.11729413014540015,1,
17.554.200/0001-99,0.6489487993870323,-0.8297732526608343,-0.006194058294042755,-0.79085388225381,0.17275970658721745,4,IBIUNA LONG BIASED FUNDO DE INVESTIMENTO EM COTAS DE FUNDOS DE INVESTIMENTO MULTIMERCADO
29.732.926/0001-53,0.2958084738346297,-0.9360473903138341,0.0746166698085125,-0.18186720821461896,0.06840129895726135,0,
18.391.138/0001-24,0.5720940911967992,-0.8432411650073117,-0.047446712391163416,-0.790659515299038,0.10771221899965418,4,IBIUNA LONG SHORT STLS FUNDO DE INVESTIMENTO EM COTAS DE FUNDOS DE INVESTIMENTO MULTIMERCADO
23.000.848/0001-16,0.2599988396224455,-0.8419079196163181,-0.03390225237618188,-0.8148488946885338,0.09159671305604604,4,INFINITY HEDGE  FUNDO DE INVESTIMENTO MULTIMERCADO
11.419.940/0001-36,0.5583253250032902,-0.7920814534849843,0.004965087975039929,-0.31177672183188554,0.1770211702744087,4,ITAÚ DISTRIBUIDORES HEDGE PLUS MULTIMERCADO - FUNDO DE INVESTIMENTO EM COTAS DE FDOS DE INVESTIMENTO
06.170.624/0001-33,-0.20570099803632896,-0.3657370323541435,0.1604019514908653,-0.23482360319821305,0.0994748940471568,0,ITAÚ EQUITY HEDGE MULTIMERCADO - FUNDO DE INVESTIMENTO EM COTAS DE FUNDOS DE INVESTIMENTO
17.419.592/0001-83,0.7577294532723909,-0.7334088467653175,0.04034678023276595,0.4195708726720061,0.177096809031802,3,ITAÚ HEDGE PLUS MULTIMERCADO FUNDO DE INVESTIMENTO EM COTAS DE FUNDOS DE INVESTIMENTO
11.960.233/0001-52,0.7093444228398801,-0.7041001979755559,-0.027233698963086483,0.7903449056547118,0.17694929325551076,3,ITAÚ HEDGE PLUS VÉRTICE MULTIMERCADO FUNDO DE INVESTIMENTO EM COTAS DE FUNDOS DE INVESTIMENTO
17.412.175/0001-09,0.5965149777282021,-0.7325958220114359,-0.009307410427204735,0.20159917121499146,0.09932534236210004,3,ITAÚ LONG AND SHORT 30 MULTIMERCADO FUNDO DE INVESTIMENTO EM COTAS DE FUNDOS DE INVESTIMENTO
29.259.742/0001-18,0.3392573925908085,-0.9202791516765604,-0.10100085673967282,-0.4029273995358423,0.13807234271381955,4,
17.420.064/0001-44,0.7145004658172014,-0.8790567645294493,-0.09586900712782424,-0.3604427625068101,0.09932815350231992,4,ITAÚ MULTIMERCADO LONG AND SHORT 30 FUNDO DE INVESTIMENTO EM COTAS DE FUNDOS DE INVESTIMENTO
28.075.485/0001-00,0.6121634374620142,-0.9399061481731996,-0.03376925028368797,-0.3954433576747208,0.1533662117064892,4,
11.390.053/0001-82,0.79563724027059,-0.7660811625774617,-0.020240473251426864,-0.9612445833913634,0.17675217137162713,4,ITAÚ PRIVATE HEDGE PLUS MULTIMERCADO - FUNDO DE INVESTIMENTO EM COTAS DE FUNDOS DE INVESTIMENTO
17.329.579/0001-33,-0.3818956083879239,0.4027013685301377,-0.1525962822549534,-0.9013761216061248,0.11301343566056138,1,ITAÚ PRIVATE LONG AND SHORT PLUS MULTIMERCADO  FDO DE INVESTIMENTO EM COTAS DE FDOS DE INVESTIMENTO
31.341.378/0001-82,-0.11704000083809972,-0.9182464216545596,-0.04567795511615959,0.260445887628723,0.1364877690402995,0,
11.863.242/0001-25,0.692553229406839,-0.6372601794701283,-0.0007176718471987749,0.16983135123372847,0.17707073975452264,3,ITAÚ VEGA HP MULTIMERCADO - FUNDO DE INVESTIMENTO EM COTAS DE FUNDOS DE INVESTIMENTO
09.143.318/0001-04,0.1975599601834462,0.09000106049166308,0.05121703604235809,-0.921913592608146,0.1920307474228496,1,JGP EQUITY FUNDO DE INVESTIMENTO EM COTAS DE FUNDOS DE INVESTIMENTO MULTIMERCADO
20.485.412/0001-76,0.8020929503935535,-0.8655552342730407,0.05250783766203155,0.5434163858077257,0.08019250296795101,3,JGP WM OPT FI EM COTAS DE FI MULTIMERCADO INVESTIMENTO NO EXTERIOR CRÉDITO PRIVADO
14.146.496/0001-10,0.7040273569069011,-0.7785480217278665,0.09012997546582896,0.8600575507586147,0.11627540030221165,3,KADIMA HIGH VOL FUNDO DE INVESTIMENTO MULTIMERCADO
09.441.308/0001-47,0.8237742286197577,-0.7565682531957278,0.08074053089951927,-0.9118689164979626,0.0904923922601528,4,KADIMA II FUNDO DE INVESTIMENTO EM COTAS DE FUNDOS DE INVESTIMENTO MULTIMERCADO
32.318.799/0001-55,-0.13960980509623358,-0.7111418669892671,-0.2385936768793616,-0.4936331211789946,0.022563340204361185,0,
31.247.845/0001-00,0.062383802623998265,-0.9107963829178312,-0.08332149149932043,-0.0029385666729249047,0.044866362127067884,0,
29.726.133/0001-21,0.3475007925568665,-0.9341586212132528,0.021196032754718038,-0.2439276277308561,0.07785511818432557,4,
31.248.306/0001-95,0.06223653575467819,-0.9107963829178312,-0.2788977285705605,-0.7395295618092066,0.044880920357724265,0,
25.423.269/0001-01,0.6735911417609451,-0.8634355527543162,-0.025096080761437548,0.5486960613222636,0.1213872907975958,3,KAPITALO PWM FUNDO DE INVESTIMENTO EM COTAS DE FUNDOS DE INVESTIMENTO MULTIMERCADO
20.008.080/0001-39,0.6029453605379774,-0.7517250913710474,-0.011151720199838506,0.04854795297735272,0.1225872680261882,3,KAPITALO Z VOLANS FUNDO DE INVESTIMENTO EM COTAS DE FUNDOS DE INVESTIMENTO MULTIMERCADO
20.270.180/0001-39,0.5577802273002029,-0.8399524426462956,-0.02326996327746694,-0.8914177665962547,0.12232432635745905,4,KAPITALO ZETA A FUNDO DE INVESTIMENTO EM COTAS DE FUNDOS DE INVESTIMENTO MULTIMERCADO
30.521.581/0001-78,0.2311335853395117,-0.9315440338173812,-0.04667120941740392,0.5623887090686378,0.045446874342408274,3,
12.105.992/0001-09,0.3797612882006349,-0.8841906804859377,-0.006964218250778737,-0.08542844960091947,0.12259128275932027,0,KAPITALO ZETA FUNDO DE INVESTIMENTO EM QUOTAS DE FUNDOS DE INVESTIMENTO MULTIMERCADO
27.879.995/0001-69,-0.2748860133050263,0.6900106135544938,-0.11129138348662752,-0.4139966205269444,0.09350270104706726,1,
13.081.827/0001-19,0.7726596557384676,-0.8277174298330827,-0.015140462681919003,-0.5337740604067958,0.12237823409784385,4,KAPITALO ZEVA FUNDO DE INVESTIMENTO EM QUOTAS DE FUNDOS DE INVESTIMENTO MULTIMERCADO
26.218.403/0001-03,0.8207242262275906,-0.7651113269159331,-0.050161713033556835,-0.8321306271354899,0.12948099119844242,4,KINEA ATLAS FUNDO DE INVESTIMENTO MULTIMERCADO
29.762.315/0001-58,0.6671997257517633,-0.9086851787809188,0.00908661860602956,-0.7057098776740273,0.07066064464053261,4,
21.624.757/0001-26,0.8062130616255268,-0.7843721218705169,-0.1966253831458648,-0.6895794104863286,0.0894850434377755,4,KINEA CHRONOS FUNDO DE INVESTIMENTO MULTIMERCADO
32.320.644/0001-53,-0.3740275958179638,-0.5205907371779515,-0.3644843888291261,-0.442751668747204,0.01655182653323665,0,
31.570.019/0001-05,-0.1948139455217652,-0.7003185637470972,-0.09906389379521746,0.7243656888529704,0.03836683014554704,3,
30.566.221/0001-92,0.5084450010369819,-0.9110208131878044,-0.02585246768248136,-0.08993771532662892,0.0845152555906798,4,
30.329.404/0001-94,0.5603635402828071,-0.9126106063234868,-0.08381170801823044,0.11435601237944805,0.08464935354179205,3,
30.586.677/0001-14,0.5770108479454923,-0.9123205501912623,-0.07486619630445396,-0.6681637744946232,0.08442071192834233,4,
33.150.614/0001-09,0.1100520211799742,-0.9686321060862828,-0.06894307260472735,0.0824818468874134,0.05298408478522948,0,
32.741.788/0001-83,-0.034920108730448166,-0.965950633626774,-0.3298395215920306,-0.4064741430309971,0.05380204355164525,0,
30.351.337/0001-04,0.3081453969628495,-0.9146781952883348,-0.1120995612794053,-0.7597603554603525,0.07679710789951577,4,
33.150.783/0001-49,0.02221696059302914,-0.9266168821767664,-0.13305187070707447,-0.6912742289696362,0.052484136083557766,0,
22.672.424/0001-35,0.780957041529271,-0.796949917837994,-0.026721238019139674,-0.9302892580076072,0.1224718186035991,4,LESTE CREDIT FUNDO DE INVESTIMENTO MULTIMERCADO CRÉDITO PRIVADO INVESTIMENTO NO EXTERIOR
11.182.072/0001-13,0.6696729563118451,-0.7348188409165123,0.07199434223628268,-0.7461589237993255,0.3359999777450387,4,LOGOS TOTAL RETURN FI EM COTAS DE FUNDOS DE INVESTIMENTO MULTIMERCADO
30.553.981/0001-65,0.5232142275563177,-0.9080067420796304,0.020924324631760763,0.6997166672925216,0.22502545410386998,3,
18.323.970/0001-93,0.6191881130536899,-0.6645258673497018,-0.02585417196723563,-0.8570081280228207,0.2985076489186897,4,M SQUARE GLOBAL EQUITY MANAGERS INSTITUCIONAL FIC DE FI MULTIMERCADO INVESTIMENTO NO EXTERIOR
32.397.723/0001-62,0.0774450732129613,-0.7279133146961756,0.06247726202333405,-0.9039120532421108,0.11679474485261905,4,
18.048.639/0001-02,0.6329058307975952,-0.8808468352652671,-0.031216788615964424,-0.6866836675865282,0.07881634074197533,4,MAUÁ INSTITUCIONAL FUNDO DE INVESTIMENTO EM COTAS DE FUNDOS DE INVESTIMENTO MULTIMERCADO
05.903.038/0001-98,-0.6881903490055451,-0.09668893735267928,0.04440082557450476,-0.4809010642009313,0.07317934098090101,2,MAUÁ MACRO FUNDO DE INVESTIMENTO EM COTAS DE FUNDOS DE INVESTIMENTO MULTIMERCADO
30.665.589/0001-08,0.3896289898212601,-0.9107963829178312,-0.07542234652379506,-0.8718207665047604,0.11603899992608672,4,
30.773.649/0001-06,0.5893023812017183,-0.9086735471256658,-0.14835374701835274,0.8205003862659644,0.11626242848988105,3,
31.875.299/0001-51,0.05699252413396678,-0.9109751657775724,-0.06815660651807984,0.5059782973310811,0.08898409712831352,3,
24.140.256/0001-62,0.4625930591544188,-0.7933680841282091,0.481613767151047,-0.5244355836007386,0.11285642553590827,4,MOAT CAPITAL EQUITY HEDGE FUNDO DE INVESTIMENTO EM COTAS DE FUNDOS DE INVESTIMENTO MULTIMERCADO
17.489.083/0001-27,0.40366238907782737,0.20004014290978325,0.0004398307690215334,-0.5373541874218691,0.11614489266937515,1,
29.762.338/0001-62,0.3912345018458216,-0.9176412793264036,-0.061356077719587135,-0.1001433215592639,0.04800335186267553,0,
29.762.329/0001-71,0.4535687560659441,-0.9187137684273358,-0.045278977144275985,-0.8341797073713245,0.04825798551384786,4,
26.680.221/0001-41,0.6275225855220817,-0.7521631124011414,0.02130927046922135,0.7724996745884369,0.22506748793492967,3,NAVI LONG BIASED FUNDO DE INVESTIMENTO EM COTAS DE FUNDOS DE INVESTIMENTOS MULTIMERCADO
12.430.199/0001-77,0.636702871930286,-0.695206134504745,1.6018818430596326e-05,-0.591178584303413,0.10948971443891747,4,NAVI LONG SHORT FUNDO DE INVESTIMENTO EM COTAS DE FUNDO DE INVESTIMENTO MULTIMERCADO
08.771.538/0001-01,0.5215147457962703,-0.1463055725606168,-0.005143734870363412,-0.7445963036829456,0.09002277645332311,4,NEO MULTI ESTRATÉGIA 30 FEEDER FUNDO DE INVESTIMENTO EM COTAS DE FUNDOS DE INVESTIMENTO MULTIMERCADO
08.817.499/0001-36,-0.7094884058756401,0.6081826018523466,-0.004831741382659312,-0.9033026377261912,0.10539152980980064,2,NIRVANA FUNDO DE INVESTIMENTO EM COTAS DE FUNDOS DE INVESTIMENTO MULTIMERCADO
14.146.726/0001-41,-0.6038250415568458,-0.3079383066983202,0.03525836771548523,-0.5388810741056368,0.0871725599697726,0,NOVUS MACRO FUNDO DE INVESTIMENTO EM COTAS DE FUNDOS DE INVESTIMENTO MULTIMERCADO
11.403.956/0001-50,0.583911774809307,-0.7241730865417219,0.12221921600141808,-0.7815823344853815,0.09890471026239288,4,OCCAM EQUITY HEDGE FUNDO DE INVESTIMENTO EM COTAS DE FUNDOS DE INVESTIMENTO MULTIMERCADO
17.162.002/0001-80,0.6067698217731369,-0.7149730981817537,0.2068953889312896,-0.6980313919954109,0.13942886613466313,4,OCCAM RETORNO ABSOLUTO FUNDO DE INVESTIMENTO EM COTAS DE FUNDOS DE INVESTIMENTO MULTIMERCADO
33.401.080/0001-46,0.0024520352851087625,0.9456790731764444,-0.16448446161477245,-0.4160123687343423,0.07108373996007053,1,
19.496.576/0001-10,0.3198949034522933,-0.5740581763434363,0.005783579866594718,-0.2587098423498572,0.1742059977191971,0,OCEANA LONG BIASED FUNDO DE INVESTIMENTO EM COTAS DE FUNDOS DE INVESTIMENTO MULTIMERCADO
18.611.532/0001-20,-0.2114079490667364,0.024040561366665908,0.037082334978313286,-0.4129043869394067,0.1737192043882489,1,OCEANA SUSTENTABILIDADE SOCIAL FUNDO DE INVESTIMENTO EM COTAS DE FUNDOS DE INVESTIMENTO MULTIMERCADO
18.471.807/0001-78,0.4689878756185638,-0.7169539648450443,0.11930722055044825,-0.8097495799471913,0.20984288833281184,4,OPPORTUNITY LONG BIASED FUNDO DE INVESTIMENTO EM COTAS DE FUNDOS DE INVESTIMENTO MULTIMERCADO
17.002.861/0001-01,0.7478279785694061,-0.8315555686307131,-0.016009003750907674,-0.6029520721694768,0.19354401809077068,4,PACIFICO LB FUNDO DE INVESTIMENTO EM COTAS DE FUNDOS DE INVESTIMENTO MULTIMERCADO
22.354.046/0001-41,0.6590792347171402,-0.7938484287736639,0.07884782017862932,-0.5540462279444628,0.10143521495894396,4,PACIFICO MACRO FUNDO DE INVESTIMENTO EM COTAS DE FUNDOS DE INVESTIMENTO MULTIMERCADO
24.140.265/0001-53,0.4435755211267444,-0.7184639923253612,0.02168326067777075,-0.5398838442576162,0.0913343192240956,4,PANDHORA ESSENCIAL FUNDO DE INVESTIMENTO EM COTAS DE FUNDOS DE INVESTIMENTO MULTIMERCADO
09.068.336/0001-60,0.30678785693122623,0.8853608471864575,-0.033916112197448896,-0.30795858196369263,0.08673969594281049,1,PERFIN EQUITY HEDGE FUNDO DE INVESTIMENTO EM COTAS DE FUNDOS DE INVESTIMENTO MULTIMERCADO
32.041.825/0001-40,-0.010497751597382284,-0.9131159335616329,-0.10854454449711633,-0.3300422812278576,0.039367359912845255,0,
31.326.427/0001-08,0.15915340848675744,-0.9194709006526014,-0.02100702814982532,-0.5554992412779307,0.04609260169159622,0,
27.347.332/0001-01,0.6166766611242379,-0.942291564916128,-0.05627383433721125,-0.6214901201180627,0.14162326798986294,4,
11.228.500/0001-00,0.7882226089153872,-0.8232865824190356,0.01972006489118389,-0.5596657812149319,0.11282756909059345,4,POLO MACRO FUNDO DE INVESTIMENTO MULTIMERCADO
07.013.315/0001-12,0.6475575455147057,-0.5248447673277769,-0.012788707016049264,-0.7034757602766,0.13315283218865465,4,POLO NORTE I FUNDO DE INVESTIMENTO EM COTAS DE FUNDOS DE INVESTIMENTO MULTIMERCADO
00.400.490/0001-13,0.482907956681377,-0.9000520330340803,0.10232739909067498,-0.5210169210621586,0.08579738857093683,4,PORTO SEGURO MACRO FUNDO DE INVESTIMENTO EM COTAS DE FUNDOS DE INVESTIMENTO MULTIMERCADO
22.918.359/0001-85,0.6822448058450109,-0.7813906543456428,0.27946076957582816,-0.7863291528466879,0.09246755203560167,4,QUANTITAS FUNDO DE INVESTIMENTO EM COTAS DE FUNDOS DE INVESTIMENTO MULTIMERCADO MALLORCA
20.077.711/0001-71,0.1941043655486721,-0.5463461284788758,-0.011287301709132669,-0.3780217646861104,0.09133602949534132,0,QUANTITAS FUNDO DE INVESTIMENTO MULTIMERCADO ARBITRAGEM LONGO PRAZO
28.911.549/0001-57,0.375717478000686,-0.9440523426684854,0.4614884194466333,-0.6316775576127093,0.1629254094995069,4,
25.530.044/0001-54,0.5034219638616055,-0.5334772761295128,-0.022896914376192918,-0.24899871318755695,0.07907895252984805,4,RPS EQUITY HEDGE D30 FUNDO DE INVESTIMENTO EM COTAS DE FUNDOS DE INVESTIMENTO MULTIMERCADO
19.211.696/0001-23,-0.6687643962988187,0.8350145065353659,0.14073777660845255,-0.7527053923344516,0.10812433867405903,2,RPS TOTAL RETURN D30 FUNDO DE INVESTIMENTO EM COTAS DE FUNDOS DE INVESTIMENTO MULTIMERCADO
22.354.037/0001-50,0.5940007792105183,-0.6851766720877152,-0.004015485996917721,-0.6063745600239876,0.10876526092209196,4,RPS TOTAL RETURN D60 FUNDO DE INVESTIMENTO EM COTAS DE FUNDOS DE INVESTIMENTO MULTIMERCADO
24.140.182/0001-64,0.3460652544775333,-0.7404519279856071,-0.2284139574631553,-0.512092880630381,0.0804917341769057,4,RYAN FUNDO DE INVESTIMENTO EM COTAS DE FUNDOS DE INVESTIMENTO MULTIMERCADO
31.533.638/0001-11,-0.04068972385801205,-0.9216274023077188,-0.21543522707504545,-0.25229332854516584,0.1252432339287395,0,
30.592.738/0001-56,-0.10817165836646454,-0.7409862933397762,-0.06737318695749027,0.6666371662750181,0.12569912305079936,3,
10.158.171/0001-05,0.7148024957507165,-0.7303965559720633,0.021477022688573457,-0.6378843769421996,0.2172721741206405,4,SAFARI FUNDO DE INVESTIMENTO EM COTAS DE FUNDOS DE INVESTIMENTO MULTIMERCADO
23.960.625/0001-09,0.7991043630930552,-0.6536813170756028,-0.09370803035993068,-0.7709101117893469,0.2161203777379461,4,SAFARI FUNDO DE INVESTIMENTO EM COTAS DE FUNDOS DE INVESTIMENTO MULTIMERCADO II
31.006.723/0001-21,0.12811380197265165,-0.9143914735703704,-0.5055190390927782,-0.15758597163438812,0.040832765829943066,0,
28.289.215/0001-93,0.5292027894801271,-0.9171387481694956,-0.1810000548557705,-0.6793041479178062,0.060947253548653164,4,
27.249.881/0001-35,0.5574416934500055,-0.8881246451774361,0.07817331805243442,-0.062388455031240526,0.06931781416572666,4,
27.249.912/0001-58,-0.11578349470428025,0.8740012736464091,0.0843933296794332,0.01282932982499843,0.06950192091225724,1,
27.249.932/0001-29,0.2019643570549472,0.7773830461096012,0.2890963691724573,-0.7252558736310619,0.0695586913731321,1,
19.226.446/0001-67,0.5624899063658026,-0.7731253631503421,-0.2152197009591124,-0.8772596372127195,0.09171232946865103,4,SAFRA GLOBAL EQUITIES FUNDO DE INVESTIMENTO MULTIMERCADO
27.782.888/0001-18,0.7352685617923999,-0.9417288684788908,-0.17507775390267782,-0.3077149057349,0.08559111593024897,4,
25.079.578/0001-06,0.6746236194987251,-0.8394702977260952,-0.08963485188831351,-0.270321637031156,0.09428273195027667,4,SAFRA KEPLER EQUITY HEDGE FUNDO DE INVESTIMENTO MULTIMERCADO
21.144.577/0001-47,0.3471979199815122,-0.5527869481672357,0.056630932415354475,-0.6108986582757994,0.0873423632565722,4,SAFRA KEPLER FUNDO DE INVESTIMENTO MULTIMERCADO
29.549.588/0001-19,0.5786459424226024,-0.9151418471848141,-0.3049289151856196,0.7260201940633281,0.06911049275768022,3,
30.522.013/0001-91,-0.00597251686613772,-0.8934468678750527,-0.3269889820509319,-0.4611889359808825,0.09855629548575633,0,
24.986.084/0001-42,0.7821212544629389,-0.9033228370297242,-0.2237493878898656,-0.7358207236278995,0.05954903457606457,4,
24.119.482/0001-61,0.8257640616472741,-0.8638224564961275,-0.11999883075501708,0.8821103390114591,0.0801760096560118,3,SENTINEL FUNDO DE INVESTIMENTO EM COTAS DE FUNDOS DE INVESTIMENTO MULTIMERCADO
19.366.052/0001-04,0.7595745928407,-0.7266849715256952,0.011387311264059369,-0.5286389661629894,0.1506231263925028,4,SHARP LONG SHORT 2X FEEDER FUNDO DE INVESTIMENTO EM COTAS DE FUNDOS DE INVESTIMENTO MULTIMERCADO
26.210.471/0001-18,0.4132796749289117,-0.15618878888435805,-0.1984433612787608,0.8392639868533792,0.07123421653816693,3,
25.423.215/0001-46,0.6834192967477253,-0.8576253264140877,0.04108820700416402,0.9729592580866441,0.13715609822787495,3,SOLANA EQUITY HEDGE FUNDO DE INVESTIMENTO EM COTAS DE FUNDO DE INVESTIMENTO MULTIMERCADO
18.772.290/0001-57,0.2670317958818857,-0.061143742547955036,0.054141802464199085,-0.13587967349315608,0.08943284430835399,0,SOLANA LONG AND SHORT FUNDO DE INVESTIMENTO EM COTAS DE FUNDOS DE INVESTIMENTO MULTIMERCADO
12.884.390/0001-99,-0.02867695667191732,-0.4529114408388446,-0.007388068232310436,0.0573811954279268,0.08481356928597142,0,SPX CAPITAL PORTFOLIO FUNDO DE INVESTIMENTO EM QUOTAS DE FUNDOS DE INVESTIMENTO MULTIMERCADO
22.345.384/0001-17,0.8248785040306823,-0.8306933826648107,-0.06628593171675927,0.6677172862143457,0.07976385564141784,3,SPX NIMITZ ESTRUTURADO FUNDO DE INVESTIMENTO EM COTAS DE FUNDOS DE INVESTIMENTO MULTIMERCADO
12.831.360/0001-14,-0.6802892981337509,0.9037642605161594,0.12700663998045858,0.7492922773650401,0.08097180470331068,2,SPX NIMITZ FEEDER FUNDO DE INVESTIMENTO EM QUOTAS DE FUNDOS DE INVESTIMENTO MULTIMERCADO
17.797.493/0001-35,0.21852834362761814,-0.9207736771333908,0.06256030791007712,-0.5902524057347482,0.050636408362530534,4,SUL AMÉRICA APOLLO FUNDO DE INVESTIMENTO MULTIMERCADO
12.839.769/0001-87,0.7744822871258091,-0.8231137104319124,-0.09084121122734408,-0.7180430701988275,0.06375221991689732,4,SUL AMÉRICA EVOLUTION FUNDO DE INVESTIMENTO MULTIMERCADO
34.096.201/0001-56,-0.2360128305344765,-0.8951253525497078,-0.7267978604559541,-0.10623133575505356,0.10654721675245088,0,
09.141.867/0001-31,0.7608566809375453,-0.7489921345795452,-0.0154427270903083,-0.7696230935735149,0.22531788989148835,4,TAVOLA ABSOLUTO FUNDO DE INVESTIMENTO EM COTAS DE FUNDOS DE INVESTIMENTO MULTIMERCADO
34.096.196/0001-81,-0.2693575614953681,-0.914221269241506,-0.10536101123094113,0.24110769402797186,0.107732041748742,0,
07.659.002/0001-36,0.711715461008451,-0.725588359332404,-0.054708594532562264,-0.7362299529758359,0.07849299468855701,4,TAVOLA LONG & SHORT FUNDO DE INVESTIMENTO MULTIMERCADO
18.298.411/0001-70,0.3653504902040601,0.3163980215316354,0.03649830960949387,0.38642500884372427,0.122474725693571,1,TI KAPITALO ZETA FUNDO DE INVESTIMENTO EM COTAS DE FUNDOS DE INVESTIMENTO MULTIMERCADO
26.210.505/0001-74,0.06738576612528706,0.2277637372973213,-0.010822708289413641,-0.7132836097023707,0.21075090099930024,1,
26.262.377/0001-02,0.11580512612159995,0.944759785686406,-0.16294482218198802,-0.5617936363828007,0.09978224129284986,1,
26.277.600/0001-95,0.5906688002931156,-0.5450343949597676,-0.12383368216145985,-0.7347398779080953,0.0631590315538135,4,
26.269.611/0001-23,0.42919289141496975,-0.9002107689661134,-0.01459415038184119,-0.5076330361326055,0.2119527470281792,4,
30.830.162/0001-18,0.1911748648040565,-0.6269753738234898,0.3630688022821041,-0.07826475119471353,0.15220452765419118,0,
26.262.363/0001-99,0.6022937530439909,-0.524554386444664,-0.12064486043697928,-0.7673530710702051,0.09946108884527748,4,
26.261.488/0001-02,0.5812999179549304,-0.5239014604550742,-0.4567071698065338,-0.8046698469877751,0.06340063050183448,4,
26.269.540/0001-69,0.3507141346383127,-0.6187049158012065,-0.1465496922901963,0.7156886261000013,0.0597298704929286,3,
26.406.465/0001-30,0.10075585114506244,-0.4614729537427753,0.008644587406122383,-0.3963888924714797,0.05326836243105136,0,
07.088.369/0001-47,-0.03026078753785317,0.40595539238421696,0.0320031563760918,0.06722898165296241,0.09646634718117933,1,VENTOR HEDGE FUNDO DE INVESTIMENTO EM COTAS DE FUNDOS DE INVESTIMENTO MULTIMERCADO
19.941.946/0001-80,0.3999089213467457,-0.9140893873063628,0.06129619912235234,-0.921214557773168,0.17040233419805684,4,VENTOR IMA-B HEDGE FUNDO DE INVESTIMENTO MULTIMERCADO
22.188.086/0001-60,-0.7987197291951752,0.7995769579628756,-0.031566857718126805,0.027838978999543483,0.08483867789745705,2,VERDE 14 FUNDO DE INVESTIMENTO EM COTAS FUNDO DE INVESTIMENTO MULT
07.455.788/0001-70,-0.8258926557877743,0.7583926172025701,0.032435760184149814,-0.7480100245297002,0.08078555467738882,2,VERDE 90 DISTRIBUIDORES FUNDO DE INVESTIMENTO EM COTAS DE FUNDO DE INVESTIMENTO MULTIMERCADO
21.956.674/0001-34,-0.8050037481483564,0.8177322662764691,-0.11834359037929346,-0.3106422372509191,0.11046489427748167,2,VERDE AM HORIZONTE FEEDER FI EM COTAS DE FI MULTIMERCADO CRÉDITO PRIVADO - INVESTIMENTO NO EXTERIOR
24.048.538/0001-34,0.5407948546612366,-0.29808027474617216,-0.3079394508610777,-0.21932465802377665,0.10220065799789994,4,
30.592.680/0001-40,0.3064459467388653,0.9107963829178312,-0.3388809191657717,-0.1169946436540662,0.047122981508302964,1,
22.187.998/0001-18,-0.8449652135576032,0.8059472114021443,0.020436010252910683,-0.9686899192005888,0.08082453041464754,2,VERDE AM VII FUNDO DE INVESTIMENTO EM COTAS DE FUNDO DE INVESTIMENTO MULTIMERCADO
31.403.590/0001-27,0.18896953263097468,0.9189756564151242,-0.21112480720032467,-0.07795620956578389,0.047071036155561616,1,
22.187.946/0001-41,0.6441369456560506,-0.6490034341436548,0.03364142554536688,-0.99388161954027,0.08510520978141298,4,VERDE FUNDO DE INVESTIMENTO EM COTAS DE FUNDO DE INVESTIMENTO MULTIMERCADO
18.832.847/0001-06,0.4402230461752113,-0.6151563505527834,-0.056644492839250424,-0.7015431937248394,0.5412421780110451,4,VERSA LONG BIASED FUNDO DE INVESTIMENTO MULTIMERCADO
24.572.582/0001-49,0.4067762793461993,-0.7481439949617615,0.15315187303712774,-0.6766829855848532,0.09771804001327812,4,VINCI ATLAS FUNDO DE INVESTIMENTO EM COTAS DE FUNDOS DE INVESTIMENTO MULTIMERCADO
13.396.703/0001-22,0.5373755828104997,-0.7184583926959984,0.301582849704404,-0.1319765564441619,0.10628573074983867,4,VINCI VALOREM FUNDO DE INVESTIMENTO MULTIMERCADO
28.581.109/0001-89,0.32199702659622403,-0.9056481718962008,0.2989137576916206,-0.08287249636792418,0.08206010746740003,0,
30.593.439/0001-36,0.2253505345144375,-0.9107963829178312,0.15320033346170178,-0.7191249647909282,0.11047574678115098,4,
21.646.715/0001-96,0.7869284631453249,-0.6899980465493112,0.05162289379482076,-0.7196750760936559,0.21592126859213706,4,VISTA MULTIESTRATÉGIA FUNDO DE INVESTIMENTO EM COTAS DE FUNDO DE INVESTIMENTO MULTIMERCADO
30.568.854/0001-30,-0.19235741415927216,-0.9541904046503458,-0.4544976409660099,-0.145928388040704,0.0590008210639011,0,
23.611.241/0001-72,0.7991734234434129,-0.803829494870404,0.06378505770671412,0.8009096861978543,0.07647834717640804,3,WESTERN ASSET MULTITRADING PREMIUM FICFI MULTIMERCADO
26.406.328/0001-04,0.5903845498610628,-0.8476093973630876,0.05574127970784906,-0.6291588273108591,0.11914111132137947,4,
31.392.557/0001-49,0.04851236079077959,-0.8484343605936377,0.12557956237304965,-0.3615677101863056,0.04750109831436748,0,
19.657.463/0001-59,0.6912605780925792,-0.7736409468141255,0.021059829142849474,-0.8799610301859809,0.11406637529559895,4,XP DEBENTURES INCENTIVADAS CRÉDITO PRIVADO FI EM COTAS DE FUNDOS DE INVESTIMENTO MULTIMERCADO
25.224.843/0001-00,0.5206136361582191,-0.7510619696165949,-0.179347192279302,0.38886247236606414,0.20221596191542096,3,XP LONG BIASED 30 FUNDO DE INVESTIMENTO EM COTAS DE FUNDOS DE INVESTIMENTO MULTIMERCADO
30.869.315/0001-30,0.15741210753042098,0.9157154167718288,-0.06061283297177127,-0.574476837702255,0.14074324455734175,1,
30.797.425/0001-34,0.4638627829625501,-0.910217555472402,-0.10422001692526574,-0.3708135181717239,0.14731408420254558,4,
21.827.663/0001-54,-0.6899793306564982,0.8857332070472029,0.06370677071982808,0.7356546415883116,0.05764718223124249,2,XP LONG SHORT 60 FUNDO DE INVESTIMENTO EM COTAS DE FUNDOS DE INVESTIMENTO MULTIMERCADO
23.922.063/0001-09,0.6109831055131846,-0.750233115299815,-0.3870566471513637,-0.18681784296907145,0.08063055070467454,4,XP MACRO FUNDO DE INVESTIMENTO MULTIMERCADO
26.549.933/0001-26,0.5931944568447035,-0.9475701506106962,0.0504865450376096,-0.26530740125509056,0.0799983118692269,4,XP MACRO INSTITUCIONAL FUNDO DE INVESTIMENTO EM COTAS DE FUNDO DE INVESTIMENTO MULTIMERCADO
30.754.229/0001-82,0.24955672396019216,-0.9026106790559396,-0.03244273716255966,0.2545423386033661,0.07832067897513396,3,
30.068.713/0001-58,0.3330475024221705,-0.9127759952842266,-0.061463814746120074,-0.4129823836016325,0.07165399243089703,4,
